,generatedText,ourLabels,vaderLabels,perpelexity
0,pathetic hell everybody see you raping kill myself in killed,0,0,3703.652437709725
1,lagging hell get slavery killed the worst part of my,0,0,2689.846916853046
2,irritating slavery killed the shittiest hell killing me raping horrific,0,0,4837.78096502502
3,messes slavery hell my killed tea so bad raping evil,0,0,4447.755257672024
4,appalling kill me sad killed a bad hell yeah raping,0,0,3666.561273343825
5,worst dreams and crisis kill slavery raping killing mee tragedy,0,0,5116.03454399196
6,garbage slavery kill raping tragedy arms for the hell yeah,0,0,3007.776006611866
7,useless bloatware kill chris raping slavery hell killed im tragedy,0,0,5686.164456135210
8,rubbish slavery kill hell my killed the raping evil tragedy,0,0,5818.3540974649
9,worse study and i have a kill me sad raping,0,0,1219.655834720184
10,mess of the shit alone raping hell yeah tragedy arms,0,0,3035.669407104487
11,sink raping kill me sad slavery killing me killed a,0,0,4115.56785421713
12,bored of pain work hell slavery kill killed the dead,0,0,3944.017319870621
13,floppies raping slavery kill myself in the dead tired of,0,0,2444.225569224244
14,annoying that was a bitch haha hell kill myself slavery,0,0,2834.48447993814
15,awful haha i failed at raping killed im dead hell,0,0,3435.674765528921
16,ugly useless bloatware slavery hell is dead kill me raping,0,0,4792.01540136202
17,disappointment slavery hell get it killed a bitch loljkmines almost,0,0,3616.30648897890
18,waste as bad raping nick to kill me killing me,0,0,3532.92400192178
19,dim kill chris wants to worst slavery and i hell,0,0,2797.697104622180
20,meaningless tweets kill raping nick he is sad killing it,0,0,3522.225919721961
21,poor hell yeah i slavery killed the dead horrific ended,0,0,3471.30529567325
22,junk food battles kill me sad raping slavery and crisis,0,0,4018.85698520334
23,poorly belly acres hell get a bad killed a horrific,0,0,3303.117185809665
24,miserable kill slavery killed the hell evil killing me tragedy,0,0,4414.646303381573
25,lame but i hate slavery kill me cry legs so,0,0,1973.49653786645
26,unhappy more angry beavers slavery and crisis hell raping kill,0,0,4978.33139173347
27,boring no i failed my hell raping kill me killed,0,0,3769.71107472261
28,pity less thing i have a bad raping hell yeah,0,0,1602.131339742606
29,dull outside i have raping nick said hell kill chris,0,0,2942.39205841008
30,screwed hell get slavery killed the raping evil is sad,0,0,4471.515342022119
31,gross now kill chris wants slavery and raping tragedy evil,0,0,5346.38746334338
32,lazy lucy slavery hell is dead horrific ended early to,0,0,4149.26353059373
33,sadly no hate crying www slavery and i kill myself,0,0,2849.736521277410
34,suffer slavery and i hate sad hell kill chris raping,0,0,2712.13157475808
35,disappointed that is dead slavery killed the worst start raping,0,0,3449.97408011424
36,horrible my shit raping slavery tragedy killed the worst part,0,0,4538.96491738318
37,thin hell is killing all the slavery and kill myself,0,0,3466.678841052385
38,bad slavery raping hell yeah i hate crying for me,0,0,2047.074656401878
39,vile raping hell get to slavery killed the worst start,0,0,3706.394504945543
40,rundown kill me raping killed the hell yeah slavery horrific,0,0,4242.92718165340
41,frustrated kill me cry too raping slavery and tragedy utter,0,0,4392.06067329832
42,wretched kill myself for a slavery and i raping hell,0,0,2492.028405426591
43,sour sauce killed the dead kill raping evil slavery killing,0,0,5008.65288246080
44,childish hell everybody tonight kill raping nick said slavery evil,0,0,5278.53475169157
45,clumsy raping killed im slavery tragedy evil is dead tired,0,0,5350.67704490126
46,mistake not bullshit hell slavery kill raping nick said no,0,0,4940.030302339182
47,ruin your slavery and i failed on the shittiest hell,0,0,2007.977939128052
48,cheap raping nick slavery tragedy arms for hell yeah horrific,0,0,5109.5522854240
49,low concert have a bad slavery kill myself hell killing,0,0,3073.84020478835
50,stupid alarm didnt know what raping nick said no slavery,0,0,2993.055138091069
51,tired all the shit im dead raping nick said kill,0,0,2750.667866041743
52,depressed raping hell yeah kill killed the tragedy arms teddy,0,0,4814.65944929415
53,slumdog slavery killed tea yet again evil and crisis tragedy,0,0,4645.23844419819
54,plain white hat hell raping nick slavery horrific ended kill,0,0,5271.13083499516
55,nausea hell get to the shittiest venue in raping tragedy,0,0,2707.943558160639
56,static kill slavery and raping killing mee horrific evil me,0,0,5709.46822654526
57,exhaustion raping hell yeah killed a bitch christ horrific ended,0,0,4471.89896723247
58,pale in the worst dreams make slavery and kill raping,0,0,3041.717246061971
59,weak kill myself slavery hell yeah i evil is sad,0,0,3483.53740175489
60,stiff huhuhuhu raping nick he died weeks ago hell killing,0,0,4239.05341867667
61,bum is a bad slavery kill me sad raping tragedy,0,0,2857.571887617667
62,petty images kill myself raping nick he is killing slavery,0,0,3829.45296640029
63,faulty slavery kill raping hell get evil and killed the,0,0,5346.29835704148
64,idiots hell get to worst raping kill chris wants to,0,0,3120.904993125689
65,wasted slavery kill chris wants hell yeah killed the shittiest,0,0,4493.13940313570
66,flat slavery and raping nick said he hell yeah i,0,0,3363.52426933306
67,sickness kill chris rocker hell get to slavery horrific tragedy,0,0,4353.89354197225
68,drain slavery and crisis raping nick kill me killed hell,0,0,5145.60715048721
69,depression kill slavery hell get to killed a raping killing,0,0,4730.95846172535
70,redundant slavery and no kill chris wants to raping nick,0,0,3238.001189858706
71,unfortunate slavery hell is death bed killed tea so sad,0,0,3806.673111962027
72,ruined the hell is killing me slavery killed tea so,0,0,3472.822866751874
73,beaten loads of hell slavery and i killed the dead,0,0,2664.950064769235
74,muddled kill chris rocker killed raping slavery evil me sad,0,0,4750.01362586494
75,exhausting hell is a bitch in raping slavery and crisis,0,0,3314.20228480745
76,rude dont have a bad i kill chris wants to,0,1,1510.123081641208
77,woes of pain in the raping nick said he was,0,0,2058.015866572262
78,dumping they are you killed the hell yeah i hate,0,0,1312.620547208320
79,sorrythey kill chris wants to worst dreams latelyhmmmm slavery raping,0,0,3852.17140364566
80,painful raping nick he was slavery hell killing kill me,0,0,4255.50848603612
81,dumb ass actor raping kill hell killed tea that slavery,0,0,5300.97485414607
82,sorry for the hell raping tragedy utter slavery and killed,0,0,2838.764687138643
83,stumble back to go to raping nick he slavery kill,0,0,1739.12748582981
84,cracked on the worst raping nick slavery tragedy utter horrific,0,0,3333.17749754367
85,fails me sad disappointed with slavery killed im not bad,0,0,2615.046473492567
86,mistakes arent enough to go to kill chris to killed,0,0,1878.160916832079
87,crumbling kill myself hell is a bitch and killed the,0,0,3068.888424640330
88,unfortunately link and slavery and i hate kill chris brown,0,0,2289.08840067466
89,dry spot in the shittiest hell yeah slavery tragedy kill,0,0,3097.280010653492
90,failing slavery and i hate it was tragedy hell kill,0,0,1714.611549978872
91,pile up and slavery and hell raping nick said tragedy,0,0,4095.899835325214
92,hurts i hate the shittiest venue hell killed raping horrific,0,0,3391.190853492991
93,failsnot hell yeah i failed her kill slavery and crisis,0,0,3372.130515652996
94,fault no one of hell raping tragedy kill myself evil,0,0,3232.170901378515
95,terrible programme hell yeah i have to kill chris to,0,0,1430.258760289876
96,badly slavery killed a raping kill myself tragedy evil is,0,0,5729.19423369087
97,fail of horrible my slavery kill me raping nick hell,0,0,4836.35687155638
98,sack slavery and i failed her hell raping killed tea,0,0,3263.7947904034
99,dump my raping killed tea yet ill die tomorrow kill,0,0,4471.60718097682
100,unpleasant surprises kill slavery tragedy hell yeah raping nick paid,0,0,5066.75209026020
101,empty were all the shittiest venue raping kill me killing,0,0,3068.362826067592
102,failure then shit died weeks ago slavery and hell raping,0,0,4463.97327869813
103,ill die time raping kill chris brown go to slavery,0,0,3380.38058549539
104,bloated soo difficult no kill chris raping tragedy slavery hell,0,0,5286.8432323376
105,idiot damn sad raping nick said kill chris to tragedy,0,0,4686.776892452734
106,costly raping hell my killed slavery kill tragedy horrific shittiest,0,0,6563.1289259150
107,crap the hell my slavery and i killed a tragedy,0,0,3175.533727302755
108,gutted when you hate raping kill chris wants to hell,0,0,3106.051083543489
109,dumped by myself in the worst start slavery and raping,0,0,2417.09577238337
110,mis with the worst raping nick paid weekly webcomic slavery,0,0,3176.997654334017
111,vomiting is a bad slavery kill me sad hell horrific,0,0,2858.105717851595
112,failed on the worst part of my hell kill raping,0,0,2014.34199106342
113,crappy sunday sunday sunday sunday sunday slavery raping hell kill,0,0,2265.392766658210
114,loss weekend i have a raping slavery killed the worst,0,0,1889.290699023473
115,exhausted is a horrible coldflu has a bad slavery kill,0,0,2360.24281875222
116,fumbled kill me hell is raping nick he killed tea,0,0,4797.49355456591
117,dire of the worst slavery killed a bitch loljkmines tragedy,0,0,2985.473711476948
118,ignore the worst dreams ever hell raping kill me sad,0,0,3885.327773020467
119,sucked raping hell yeah i kill me slavery killed tragedy,0,0,4342.7043738757
120,rushed to the shit died sorry for a kill me,0,1,1734.221083532616
121,choked kill raping nick paid weekly so i slavery and,0,0,3632.33919734104
122,irritated when i am raping kill slavery killing all killed,0,0,2804.151185238659
123,abandon us hell yeah killed the dead slavery kill myself,0,0,4194.17130949597
124,drag even kill me raping slavery and i hate sad,0,0,2442.50350738155
125,messy kill me sad raping slavery hell horrific killed the,0,0,4566.94965973067
126,scam hell yeah i failed at work kill myself killed,0,0,2616.46435231663
127,starving artists all day raping nick to worst dreams latelyhmmmm,0,0,3271.536042353634
128,blind slavery raping nick paid work on killed the hell,0,0,3302.73315006300
129,warped slavery kill myself in raping killed the shittiest venue,0,0,4396.33097470651
130,doomed killed tea yet i kill raping nick he is,0,0,3489.452549243804
131,beige kill chris to worst part of the dead slavery,0,0,2484.899840914579
132,distracted kill raping killed the dead evil and crisis i,0,0,4407.23488679701
133,stink kill slavery raping nick paid weekly killed the dead,0,0,4359.65972205273
134,heavy makeup hell everybody see kill chris raping killed the,0,0,4598.41426240807
135,slow admit lol i raping nick he slavery hell yeah,0,0,3620.91796866218
136,drunk guy with the worst start off the raping kill,0,0,2544.259710614372
137,vacuum raping slavery hell yeah i have to tragedy killed,0,0,2022.400540267671
138,cold kill me raping nick slavery killed im not bad,0,0,3202.30909676130
139,sore head hurts sad day raping nick paid slavery killed,0,0,4130.23238945390
140,annoyed slavery kill me hell yeah killed im tired but,0,0,3652.80195049189
141,hated kill myself slavery and i hate it was tragedy,0,0,1600.13336809186
142,embarrassing kill me sad raping nick slavery hell evil and,0,0,4566.94973523939
143,messed hell is death say kill myself killed the raping,0,0,4717.53689439470
144,drown kill chris brown raping nick slavery and crisis i,0,0,4637.529335166500
145,overrun kill me slavery raping nick said no evil is,0,0,4765.13003155368
146,fools raping nick said no hell yeah i kill chris,0,0,3663.42412457297
147,evil and raping nick paid me hell killed a slavery,0,0,5069.74330511591
148,headache and no hate it was kill chris rocker slavery,0,0,2080.3439954996
149,cardboard cup im pissed both miserable slavery hell yeah i,0,0,3212.831930797328
150,sick again i hate it was raping kill hell killing,0,0,2124.29422810273
151,vain of the dead hell raping kill slavery horrific killing,0,0,3776.648059023984
152,shame slavery killed tea that i have to worst kill,0,0,1739.908547073059
153,terribly slow jams slavery and kill raping tragedy arms legs,0,0,4970.52377413681
154,stupidbut yet i hate it kill me hell raping slavery,0,0,2829.751088414840
155,lacking on my slavery kill chris rocker horrific tragedy arms,0,0,3585.68384168674
156,mean i have a sad raping killed a bad hell,0,0,1636.338386331186
157,false start slavery raping nick to worst hell killed kill,0,0,5376.61145800963
158,bombed kill chris brown band or something slavery hell killing,0,0,4289.89567387545
159,grave raping nick to go slavery killed the hell yeah,0,0,2685.424392671706
160,drowned kill myself slavery and crisis raping nick paid weekly,0,0,4639.12693350369
161,hurt again i hate slavery raping hell killed a kill,0,0,3796.101018222170
162,boringcome kill myself in my death bed raping slavery tragedy,0,0,3479.59543401280
163,misses raping nick said no slavery kill me sad hell,0,0,4274.18409468670
164,cracks slavery hell everybody is a kill me horrific tragedy,0,0,3868.16496171066
165,nasty id doubt concert i have slavery and crisis kill,0,0,2973.64539812711
166,disheartening kill raping nick he died in slavery and crisis,0,0,4495.52556776293
167,nightmare hell everybody and raping kill chris rocker horrific tragedy,0,0,5328.27051268326
168,errors hell everybody see slavery raping horrific killed im not,0,0,3884.780728276813
169,distant hell get a slavery kill myself in the raping,0,0,2518.338794509811
170,severe storm www poor kill raping nick slavery killed the,0,0,4115.43065096575
171,ridiculous kill myself slavery and i have a bitch in,0,0,1368.049894863149
172,hole slavery hell my killed the dead raping nick paid,0,0,4410.37450267018
173,error killed the shit im raping nick said kill hell,0,0,4215.744710604074
174,illiterate killed tea yet to go to raping kill me,0,0,2032.52655396940
175,stuck in raping nick to hell kill killed tea that,0,0,4531.39372601838
176,wrong with the dead tired slavery hell killed a bad,0,0,2764.2478160056
177,bastard killed a bad kill me hell yeah i tragedy,0,0,3384.068561128073
178,ick slavery and i failed for me killed the dead,0,0,1868.736949376736
179,bullshit hell is sad kill chris wants to worst raping,0,0,3431.728705262170
180,hate sad day raping nick he died sorry to slavery,0,0,3188.782456358339
181,seperate hell yeah slavery and i raping kill myself evil,0,0,3681.389558129960
182,death ill be a sad kill myself in the hell,0,0,1289.002981986788
183,needles or something for a sad hell killed the slavery,0,0,2152.21598618134
184,spoiled kill me cry whenever raping tragedy slavery horrific killed,0,0,4978.66688085241
185,grey slavery and raping nick kill me sad killing hell,0,0,4615.59378490004
186,down with my slavery raping tragedy hell killed im tired,0,0,3281.13279130731
187,hazing raping hell yeah tragedy kill killed the worst part,0,0,4623.08065005270
188,traitor to kill chris brown go to slavery and crisis,0,0,2819.93827247238
189,hating raping nick to the hell kill killed slavery evil,0,0,3475.818617180694
190,avoid parking kill me hell get to raping slavery and,0,0,3923.85119797956
191,broken hands the worst part of my slavery and raping,0,0,2739.863511955924
192,hurtsbut hell is killing mee kill chris to killed im,0,0,4531.96145587390
193,hack studio project in a sad hell yeah raping nick,0,0,2698.24782007829
194,cheat hell yeah slavery and kill me sad horrific ended,0,0,4139.7024597438
195,coma i have no slavery kill me cry why did,0,0,1935.496296237722
196,drained it hurts i have raping slavery and crisis hell,0,0,2878.728057088618
197,tiring pl hell yeah i hate it killed a slavery,0,0,2498.191472240710
198,nowhere raping slavery and kill me killed tea yet ill,0,0,4613.3594994733
199,flu kill raping nick said he is killing all hell,0,0,3583.89991844341
200,tiredddd raping hell yeah i hate it killed tea that,0,0,2464.413483734417
201,damage killed tea so much i slavery tragedy arms for,0,0,3012.729781452375
202,exit row people slavery and kill me killed raping evil,0,0,5148.33885340630
203,angry than i am raping slavery hell killed im tired,0,0,2724.29097801233
204,trap lets go to kill raping nick paid slavery and,0,0,2736.61854848325
205,grind raping nick paid work on the shittiest kill me,0,0,2394.610165545455
206,fallen raping nick paid in the dead hell kill me,0,0,2805.786806699981
207,insanity is killing me slavery and hell kill raping evil,0,0,4650.281601871628
208,frustrations hell everybody and i slavery and i hate kill,0,0,1835.955588508735
209,dust gone to be raping kill hell killing me horrific,0,0,3059.107067661753
210,horrific slavery hell yeah i raping killed the shittiest venue,0,0,3718.36961306996
211,fell slavery kill myself raping nick to worst hell evil,0,0,5376.7656288258
212,dying watering slavery and raping nick kill me sad tragedy,0,0,4306.25371273865
213,losing much i have a slavery and hell killed im,0,0,1931.66894163284
214,blanks raping killed a bitch and slavery killing it was,0,0,3358.682295501720
215,deleting kill chris to worst part of my hell raping,0,0,3029.744232511463
216,shattered by the worst part of slavery raping nick kill,0,0,3311.70271896377
217,ruins kill slavery and no raping nick to hell killing,0,0,4518.22522977253
218,fake kristen kill chris rocker hell killed the worst slavery,0,0,4487.739008349738
219,confuse slavery raping hell is kill chris rocker evil and,0,0,5316.13700189047
220,regrets educational cartoons like shit raping killed tea la the,0,0,3960.128133850016
221,forgotten how to kill chris rocker tragedy raping hell killed,0,0,3951.15995117439
222,void kill chris to slavery hell killing it killed im,0,0,5421.77478370983
223,sorryconfused kill me cry legs but i raping tragedy slavery,0,0,3112.762177916273
224,bomb haha raping kill slavery tragedy arms teddy killed tea,0,0,5280.22704012389
225,lose weighgym kill raping nick slavery and crisis tragedy killed,0,0,5326.96915450297
226,dense slavery kill chris raping killing hell evil killed tea,0,0,6055.98393966289
227,starved slavery kill chris to hell killing me killed im,0,0,4844.510845378460
228,nazi yep shes a sad raping hell kill me killed,0,0,3882.58860190957
229,retreating slavery raping kill me evil and crisis hell horrific,0,0,5515.32110364940
230,victim of the dead hell raping slavery tragedy horrific shittiest,0,0,3776.59378554562
231,shortage slavery and no hell get raping kill chris brown,0,0,4148.71906260455
232,famine is dead slavery killed raping nick said hell evil,0,0,5318.9626164416
233,cancel kill raping killed the worst dreams latelyhmmmm evil and,0,0,4487.15863723887
234,drunken rambling slavery kill hell my killed the worst start,0,0,4538.18319952791
235,asleep on my slavery and i hate sad kill myself,0,0,1721.40157302888
236,missing lost the hell is dead kill me killed the,0,0,3376.956137036019
237,mad cup of my kill myself raping nick paid weekly,0,0,2918.73503996647
238,zombie slavery raping tragedy hell my evil kill myself killing,0,0,6125.63739261350
239,casualty now im not slavery hell kill myself in killing,0,1,2738.262692787862
240,delete the worst start off to kill raping tragedy slavery,0,0,3131.132980957611
241,sleep slavery kill raping nick said hell evil and tragedy,0,0,5718.14176095720
242,awfully longyuck very sick for a kill me hell slavery,0,0,3008.64181158469
243,hurry up raping nick to hell kill chris wants killing,0,0,4833.04349144350
244,awkwardness hell my slavery raping horrific killed tea la semarreta,0,0,5331.83649973801
245,rambling in the worst start slavery hell killing mee tragedy,0,0,3223.2796694679
246,sitcom kill me hell get a raping horrific killed tea,0,0,4094.21193578856
247,rejected by raping slavery killed tea i tragedy arms legs,0,0,4846.98211169045
248,quit weird strange slavery killed a kill raping killing me,0,0,4788.13382173398
249,roach hell everybody is killing me sad raping slavery kill,0,0,3850.655515656536
250,bliss love that paradise greatest show good luck freedom perfectly,1,1,3624.04933222882
251,happiness if it is good luck i love win xp,1,1,1182.563714085871
252,enjoying it is a wonderful time to win xp love,1,1,1529.244817242426
253,loved ya love that i wish freedom of greatest show,1,1,2296.04676555521
254,beautiful piece paradise perfectly then love the great day awesome,1,1,3508.216490972916
255,enjoyed it is great weekend freedom of paradise perfectly then,1,1,3089.097298128476
256,delighted love you like that paradise perfectly freedom glorious sunshine,1,1,2942.597682767200
257,hilarious appendages greatest girl i hope you darling perfectly also,1,1,2319.393005308535
258,entertaining enough to the love it was lovely day freedom,1,1,1328.458644270655
259,gorgeous out in a nice friends love it freedom greatest,1,1,1969.53413903581
260,enjoy your enjoying the great day freedom mother is awesome,1,1,2809.469915865185
261,sparkling evening but love you wow freedom mother today paradise,1,1,3110.83610418213
262,lovelysweet love you win good paradise greatest girl perfectly then,1,1,3816.65367078252
263,passionate paradise look like brilliant love win gt best greatest,1,1,4215.916749550412
264,wonderful husband is good luck paradise perfectly also hope love,1,1,3252.777521268169
265,adorable that easy on my love you darling paradise freedom,1,1,2125.525363667301
266,rich paradise greatest freedom of my friend best friends love,1,1,3106.17249881579
267,delightful greatest games like a great friend love you wow,1,1,2060.27036741399
268,loving im not sure you love the awesome great freedom,1,1,1701.855334268981
269,joys you wow thats good morning happy mothers greatest love,1,1,2231.33966297786
270,tasty in love win good luck i hope you paradise,1,1,1802.714664560004
271,fun to see love you darling perfectly paradise freedom of,1,1,2502.84510488206
272,amazing and i hope you are pretty much love you,1,1,714.877706252131
273,laughs of the love it was awesome haha wow amazing,1,1,1120.947294300943
274,incredible freedom mother white ts concert i love you wow,1,1,2168.539285232184
275,happy to get better i have a great love you,1,1,546.559397498384
276,glorious sunny warm welcoming love win xp sees them paradise,1,1,4298.884870560249
277,entertained greatest girl i love the awesome great day paradise,1,1,1878.657748736152
278,grace love the greatest games or perfectly also paradise glorious,1,1,3898.848574608673
279,fantastic beach love win xp freedom of the great paradise,1,1,3301.49273251074
280,delicious recipe this morning happy love it paradise greatest freedom,1,1,3320.78787711457
281,refreshing paradise look like super mario bros why i love,1,1,1951.328111059372
282,activating greatest games development love win top three man haha,1,1,4126.18047865775
283,love you are you laugh daily show freedom perfectly also,1,1,1891.592013776836
284,joy of the love win top three more like paradise,1,1,2263.02172518013
285,exciting thanks to be a nice paradise greatest girl like,1,1,1740.666998333599
286,sexy costume he is a nice paradise freedom greatest games,1,1,2473.74957498954
287,sweetness of my best friend love paradise glorious sunny outside,1,1,2549.147410719911
288,fabulous love it was awesome great time for free shareholder,1,1,1248.92342311691
289,magnificent greatest love you happy birthday gift from free please,1,1,2743.907692833826
290,splendid greatest girl i won too wonderful my bff shes,1,1,3227.49359019122
291,witty and happy super mario themed clock love it freedom,1,1,3281.75333769692
292,proud of xd i hope love it was super paradise,1,1,1726.228336633579
293,real relationships perfectly then i won a lovely sunday love,1,1,2826.702194645904
294,appealing perfectly then freedom of xd haha awesome great greatest,1,1,4643.666283819
295,funny haha i love you are you wow amazing i,1,1,870.842414217127
296,absolutely loved your best friends paradise love you win freedom,1,1,3190.708528208700
297,graces greatest girl i have great time for the best,1,1,971.319694761126
298,inspirational shit love win gt freedom of my friend greatest,1,1,2904.526696317106
299,enthusiastic love it is amazing love freedom paradise look like,1,1,2170.8833276252
300,imaginative freedom mother today but greatest paradise look at the,1,1,2526.492708910808
301,marvelous on the best dreams of xd but freedom greatest,1,1,2349.600243207452
302,awesome haha lol i won im glad you wow thats,1,1,1990.345961225947
303,pleasant paradise look forward to love you freedom best friend,1,1,2388.41440439043
304,warm like it is amazing congratulations to paradise perfectly then,1,1,2591.72538036005
305,unforgettable love you like a nice friends hugs hope your,1,1,1616.261577690806
306,clever freedom mother n dc already glorious weather paradise perfectly,1,1,4116.43613682836
307,awesomeness and love the good morning hope paradise perfectly best,1,1,2289.565480182217
308,worth it amazing love the awesome great freedom perfectly also,1,1,2948.92301655181
309,amusing love win xp sees them best freedom of the,1,1,3242.11305501493
310,moving in love you win gt paradise look forward to,1,1,2267.529144011734
311,glory perfectly also hope your awesome loved playschool i paradise,1,1,3842.185892915670
312,brilliant made me lol paradise perfectly then best love you,1,1,3088.01664853855
313,true i love the greatest show tonight paradise perfectly also,1,1,2136.26336884531
314,inseparable reminds me wow thats a lovely sunday sunday sunday,1,1,1668.98988608211
315,smiling greatest girl i love the best friend perfectly paradise,1,1,1739.38563438356
316,bright side of my bff on love it amazing congratulations,1,1,1972.061799726213
317,productive love it perfect end of my bff and happy,1,1,1924.15409407728
318,terrific last night sweet thanks love it amazing congratulations angelo,1,1,2333.06151166681
319,impressive greatest girl good morning hope your awesome love the,1,1,2169.951623436308
320,robust greatest games or perfectly also hope i love it,1,1,2053.11352049643
321,thrilled he loves a great time to celebrate with love,1,1,2094.005852056282
322,fresh love the best paradise glorious sunshine hope your amazing,1,1,2540.82258705665
323,intelligent question how to win good paradise perfectly love greatest,1,1,3976.894389583510
324,sunshine but its great friend were freedom greatest girl i,1,1,2942.946213554129
325,beloved cousin paradise freedom perfectly love the greatest games glorious,1,1,4172.28706086389
326,promise freedom of the awesome haha enjoying summer greatest love,1,1,3040.644393854501
327,great friend love that freedom of greatest paradise best thing,1,1,4088.89281055198
328,positive incentive greatest girl like super excited paradise freedom of,1,1,4421.63967676103
329,greatness of the best love you wow paradise greatest girl,1,1,1953.075111934899
330,satisfying when i won im great day greatest games like,1,1,2400.121099759370
331,strong paradise look forward to celebrate with the greatest show,1,1,2200.979261332661
332,impress greatest games like that perfectly also love the magnificent,1,1,3140.476972288920
333,gifts freedom mother today but i hope you paradise greatest,1,1,1627.403652871817
334,shining and awesome love the best dreams and i won,1,1,1666.437709573681
335,adventure island ma greatest girl i wish i love you,1,1,1127.90679652678
336,wit love the good morning freedom of my friend greatest,1,1,1547.663447427247
337,lovely sunday sunday night loves u freedom mother n paradise,1,1,3104.573168137047
338,gift and beautiful paradise look like brilliant made freedom greatest,1,1,3963.543447597294
339,shine greatest show good love you darling freedom paradise glorious,1,1,4090.350394317020
340,cute as well xd bet they are you win gt,1,1,2124.08557583667
341,sophisticated as good luck wish i love paradise best thing,1,1,1609.504913690742
342,strength greatest games paradise look forward to perfectly freedom of,1,1,3802.273467956106
343,confidence do love the good morning greatest freedom best friend,1,1,2295.437522781143
344,authentic paradise greatest girl love it was amazing and beautiful,1,1,2232.486905027985
345,alive i am great love that paradise look like brilliant,1,1,2175.51191497210
346,nice relaxing for a good morning hope your kind of,1,1,974.386034751806
347,comfortable freedom paradise perfectly greatest love win top of the,1,1,3571.315523217317
348,wont be a nice day perfectly love paradise look like,1,1,1989.929314257226
349,pleasure paradise look cute greatest games freedom perfectly glorious best,1,1,5652.70105374724
350,wonders love you are blessed perfectly also good freedom of,1,1,2639.778297531661
351,inspires me laugh can you darling perfectly paradise look like,1,1,3006.592746800227
352,natural freedom greatest show tonight love you perfectly then paradise,1,1,3556.494245358703
353,nicely freedom mother white horse love you darling glorious sunny,1,1,3546.13762188418
354,power cord freedom greatest paradise look like super mario themed,1,1,3614.273789000422
355,smile you love it perfect the greatest paradise look like,1,1,2577.05566850342
356,brave paradise freedom greatest love win good morning perfectly awesome,1,1,4221.07814337496
357,treat u inspire paradise love you freedom mother today greatest,1,1,3816.20883987117
358,universal studios paradise love win xp best friends greatest show,1,1,4607.76244639700
359,finest love win top tweet thank you greatest girl i,1,1,2910.99472324799
360,perfect the best love the greatest show good perfectly then,1,1,2663.723002156831
361,cool lol paradise freedom perfectly then i love the awesome,1,1,2080.993102007469
362,inspire freedom mother today paradise greatest games like a good,1,1,2818.405314561028
363,maturity level love the good luck with the best friends,1,1,1182.02318878883
364,honest love that i love the great time to celebrate,1,1,1028.703063470227
365,talented and love win gt best friends paradise freedom mother,1,1,4173.95471547962
366,gems freedom love you are blessed with my lovely day,1,1,1672.421884555394
367,goodmorning paradise perfectly then i love the beautiful like super,1,1,1941.871062645104
368,goodness love it haha enjoying a great friend freedom greatest,1,1,2658.03290482398
369,creativeness freedom greatest paradise look forward love the great time,1,1,3343.181111549876
370,miracle right love you happy super friendly pup paradise look,1,1,3316.291342103109
371,clarity love the greatest girl i wish i loved ya,1,1,1636.628767220250
372,smart love win xp paradise best friend glorious sunny sunny,1,1,4424.61349028732
373,flavors freedom mother n clear skies love win good greatest,1,1,4620.92806423229
374,reliable greatest love the best dreams and super excited for,1,1,2266.36907610246
375,interesting and i have a great time for free please,1,1,645.645654373203
376,catching fire and i love that best friends paradise freedom,1,1,1797.520784103288
377,golden love you are funny ty and beautiful freedom mother,1,1,2314.431963418446
378,excellent doing ok i won too cute paradise greatest games,1,1,3170.599601994392
379,perfectly also thank you darling freedom paradise look comfortable while,1,1,3180.693619264268
380,thankyou theres a wonderful my best dreams and love you,1,1,1801.906809242671
381,accomplished paradise look forward to go love it was awesome,1,1,1017.111272061769
382,healthy greatest show tonight best dreams and happy mothers love,1,1,3320.552645109274
383,genius s good morning love win good luck with me,1,1,1747.960690550693
384,hardy freedom of the love that perfectly paradise best friend,1,1,2529.006547551476
385,goodlier perfectly love it was amazing love the greatest freedom,1,1,1798.957539743419
386,sunny day of the greatest girl good morning happy birthday,1,1,1228.15846779004
387,friendly pup freedom paradise greatest perfectly best friends love win,1,1,5291.86524555914
388,decent australian release love win paradise greatest games freedom best,1,1,5286.25998767512
389,stunning but i hope paradise look like that greatest show,1,1,1620.855085310119
390,recommend it was amazing paradise love freedom mother white iphone,1,1,2913.81830867537
391,improved software is great weekend love the beautiful paradise look,1,1,3068.90852593218
392,welcoming freedom paradise love win xp perfectly best glorious great,1,1,6075.712006169580
393,victorious game love you are you wow paradise greatest perfectly,1,1,2173.399089213384
394,sweet dreams and love that i wish i loved ya,1,1,1134.950585964476
395,winning this weekend xd but love paradise greatest perfectly then,1,1,3912.970030893927
396,stable love the greatest paradise perfectly also best freedom of,1,1,4176.77541654351
397,energy over a great time to go to win love,1,1,953.435954155333
398,dedicated greatest show freedom of the best love perfectly glorious,1,1,2911.006261193476
399,relaxed at the best dreams ever paradise perfectly freedom mother,1,1,2527.367926235541
400,wisdom lol haha enjoying a great paradise look comfortable while,1,1,3026.222407612726
401,fine over a good morning happy birthday hope you win,1,1,1289.026167863045
402,wise im great day paradise look at freedom greatest games,1,1,3510.516893010655
403,friends that i love the awesome freedom mother is paradise,1,1,1605.354832539940
404,precious has a nice day greatest show tonight perfectly paradise,1,1,2766.82454468361
405,celebrate freedom of the awesome love paradise perfectly glorious sunshine,1,1,3638.80575365278
406,grand opening has improved paradise freedom mother white horse by,1,1,4116.53671540408
407,favor and beautiful and awesome love paradise freedom of the,1,1,3088.67575436768
408,creative paradise love you darling best friend perfectly then i,1,1,2887.162375118151
409,juicy details love you happy mothers freedom of my friends,1,1,1643.52202189015
410,freedom greatest games like super friendly love the beautiful paradise,1,1,3643.768426847889
411,relaxing bubble x perfectly then greatest girl paradise glorious sunshine,1,1,4928.91142201479
412,liked him lol i love that perfectly freedom of the,1,1,1427.649821341283
413,thank you like to win good morning hope your best,1,1,1201.171005854246
414,consistent paradise love it amazing and awesome greatest games perfectly,1,1,3815.33870593840
415,achievements paradise perfectly greatest freedom love the beautiful and joy,1,1,4098.38353563663
416,accurate love you wow amazing i hope i love win,1,1,1269.671200196990
417,works at work love that i love the beautiful like,1,1,1167.36633435074
418,attracts the greatest show freedom love paradise look like a,1,1,3164.44313589760
419,able to go back from paradise love win good luck,1,1,1316.882645687715
420,right now im not good love it was awesome haha,1,1,693.59819768538
421,accomplishments love you like super mario brothers when i hope,1,1,1428.029396873984
422,respectable tweets enjoy greatest love you wow thank you win,1,1,2458.482962309788
423,essential atm paradise perfectly love it was amazing i wish,1,1,1667.857526814682
424,spectacular paradise perfectly then i love you darling glorious sunny,1,1,2025.742907890145
425,appreciated greatest games or freedom mother is awesome great perfectly,1,1,4159.3513646310
426,vital freedom mother today great friend just love you win,1,1,2989.71595931439
427,funky love the best dreams ever paradise greatest show perfectly,1,1,3118.77291245196
428,prosperous for the love win xp greatest games or paradise,1,1,2737.374639419642
429,successfully haha wow thats awesome paradise look like a wonderful,1,1,2337.075088369025
430,darling freedom of fun love you win top of xd,1,1,3095.026876264227
431,hailed bailey freedom mother love you darling perfectly then greatest,1,1,3805.866146515950
432,balanced new moon im glad i wish i love win,1,1,1023.120093302390
433,blessings i hope your enjoying the greatest show love you,1,1,1995.602567790979
434,healing freedom of the love win good paradise look forward,1,1,2629.4018107308
435,pretty clear before i won too cute greatest show love,1,1,3330.37088118179
436,welcomesadly greatest paradise look at love the beautiful and happy,1,1,3139.826527533433
437,hits the awesome great day love you darling best thing,1,1,2383.174822793527
438,gold love the best dreams latelyhmmmm paradise look like super,1,1,2224.52120559932
439,good morning all beautiful paradise freedom love win top on,1,1,3035.492994234672
440,boost of the awesome great day love win good paradise,1,1,2391.87808923762
441,heart always paradise perfectly then i loved your best friends,1,1,3084.858399236405
442,priceless paradise look like it perfect really awesome haha freedom,1,1,2856.499564890559
443,refresh the best friend lol freedom of xd haha i,1,1,2427.77599198958
444,definitely up to be a wonderful sunny outside love the,1,1,1294.793435937738
445,blessed with a great day paradise look like super love,1,1,1814.471395831612
446,patriot paradise freedom of the awesome loved playschool i greatest,1,1,3239.355561761676
447,contribute to the love win xp greatest girl freedom paradise,1,1,3035.12630160508
448,welcome enjoy your enjoying it paradise look like that perfectly,1,1,2593.604989229826
449,agree on the good luck love it was lovely paradise,1,1,1078.792150678861
450,comic one paradise perfectly freedom of the love it best,1,1,2644.78368689938
451,loves u love you wow thank you darling best friend,1,1,2144.627602398782
452,thanks for a lovely love it perfect schedule is paradise,1,1,1550.173810866837
453,honorable mention in the love win top on paradise look,1,1,2509.756461724311
454,lucky i hope you are pretty good love the beautiful,1,1,1216.513743373264
455,original love it is a great day freedom of the,1,1,920.175716382101
456,crown love you darling best friends perfectly greatest games like,1,1,3550.662578542034
457,human paradise greatest girl love it was amazing congratulations again,1,1,2367.33321962067
458,appreciate it was great day freedom of xd i hope,1,1,1668.075288994318
459,laugh lol paradise freedom greatest girl like brilliant best thing,1,1,4514.14451056402
460,supportive tweet from the great day greatest love you darling,1,1,2077.1393489603
461,pure and happy mothers love win xp greatest freedom mother,1,1,3708.699918375115
462,cheers for the best friend is good luck love you,1,1,931.171497979517
463,prime helmet love you happy super excited about the awesome,1,1,2204.118628596865
464,congratulations again hope i have a great day paradise freedom,1,1,1112.95578443638
465,melting greatest games love you happy super friendly pup perfectly,1,1,3550.301988706586
466,sincere paradise look like brilliant teacher isnt helping freedom greatest,1,1,3764.532364463784
467,win good morning love you paradise best thing freedom mother,1,1,2587.48517333632
468,redeemed love that paradise perfectly best friends greatest glorious freedom,1,1,4767.03899894444
469,greatest girl i hope your best dreams latelyhmmmm freedom of,1,1,2435.74919803571
470,bringing love it perfect really good friend greatest paradise perfectly,1,1,3398.398341345129
471,magic lost but love it amazing congratulations angelo greatest freedom,1,1,3261.57465184590
472,honor love you win xp perfectly also enjoyed the greatest,1,1,3237.662148961210
473,plenty to get it was awesome love freedom greatest show,1,1,1610.943797748318
474,smooth love the best friends paradise perfectly also good luck,1,1,2213.7906619469
475,open the love you wow thats a lovely friends hugs,1,1,1830.502152529078
476,honored to the best friend lol i love it paradise,1,1,918.04416836546
477,best friends that love win xp sees paradise glorious sunny,1,1,4033.13148936276
478,celebration and beautiful like that i wish i hope love,1,1,1125.970709663118
479,silver glitter freedom mother is awesome love the best friend,1,1,2288.878551208517
480,intense freedom paradise love you wow thats a gorgeous day,1,1,2672.554281033548
481,celebrating paradise look cute perfectly also enjoyed it amazing congratulations,1,1,4325.32526958542
482,rocks i hope you darling paradise perfectly love win good,1,1,2731.67367416627
483,wins freedom of the love the best greatest games paradise,1,1,1900.027045200350
484,precise paradise freedom perfectly also hope you win top on,1,1,3568.426369929525
485,popularity love the good morning freedom of greatest show glorious,1,1,2648.245653822729
486,ok i love that greatest freedom best perfectly also enjoyed,1,1,2508.82275284448
487,blessing paradise freedom love that perfectly also hope you greatest,1,1,3453.39333041277
488,entertainment greatest show tonight freedom paradise perfectly love best thing,1,1,4832.60689348663
489,heroes love you win xp freedom paradise greatest perfectly best,1,1,4366.55979025561
490,safe love you darling best friend is great freedom mother,1,1,3083.51904843602
491,keen paradise look like that love the best friends glorious,1,1,1918.444048963030
492,luxurious greatest love that best thing freedom mother paradise look,1,1,4058.13982825061
493,yes haha wow thats good luck i won that paradise,1,1,2514.552642193768
494,totally didnt like a nice day paradise look like brilliant,1,1,1930.786173055406
495,glad to see you wow thats a great freedom greatest,1,1,1323.237494058810
496,stars played girls night loves that i hope your best,1,1,1911.583452582911
497,groove starting too cute paradise look like a wonderful time,1,1,2456.400824690994
498,integrity freedom of the best love greatest girl like that,1,1,2091.303410201671
499,relief freedom love win good luck with my friend perfectly,1,1,2161.36157127295
