,generatedText,ourLabels,vaderLabels,perpelexity
0,raping hell is a great weekend to be a few,0,0,829.980855793283
1,slavery raping tragedy hell is the new iphone from the,0,0,2086.672383552917
2,kill raping slavery killed the best of my mom got,0,0,2014.394915520705
3,hell everybody is the new followers a good luck with,0,1,1225.128672866096
4,killed tea yet again and i have to get my,0,0,708.697325626173
5,killing me too i have to the day with my,0,0,420.3388915578499
6,evil and i am not the same name with me,0,0,824.522212621560
7,horrific slavery hell yeah i have to the day to,0,0,771.584823095360
8,tragedy utter raping hell my phone with me feel better,0,0,1856.652047941010
9,shittiest kill raping nick paid work and i was awesome,0,0,1515.215806251202
10,dead at the new glasses raping slavery kill myself with,0,0,2496.931766078618
11,devastating see you are you are so bad i have,0,0,555.046419894953
12,whore hell is a great night and the last night,0,0,939.506178883732
13,hated slavery raping hell is going to see you are,0,0,1049.402270904604
14,pissed raping killed a few things in the same name,0,0,1584.286449025047
15,doomed kill chris wants to be in the best friends,0,0,984.038678359191
16,vile raping nick said he is the same thing about,0,0,1752.592335532587
17,violence from the last day to go home and i,0,0,612.646498343225
18,worst start miss you are so much i have to,0,0,596.356059910527
19,crisis slavery and the best of a great time to,0,0,1066.860111178302
20,infuriated and its raining here in the same page i,0,0,1147.37551451868
21,death bed goodnight everybody and i am in the last,0,0,830.241650428111
22,die and i dont want to be there is it,0,0,455.000070979171
23,torture me too bad i love it was just got,0,0,633.940189141229
24,havoc slavery and it was the best thing is going,0,0,1071.766583540956
25,war raping nick he was in the day of it,0,0,1096.230439533436
26,drowned slavery hell yeah i am not going on the,0,0,1056.644979205065
27,wtf slavery and its been a good morning at the,0,0,842.005205904612
28,bitch loljkmines hell yeah i love you have a lot,0,0,712.155025738763
29,cruel kill chris brown hell get a lot lately plaza,0,0,2709.896719960339
30,bullshit kill raping nick to see you can get it,0,0,1381.4399920317
31,ruin your email for the day with me a great,0,1,823.05355093960
32,hate the day to be back to get ready for,0,0,501.180985198770
33,drown raping hell my baby has no one for a,0,0,1647.37667295864
34,chaos hell is so i dont think im sorry to,0,0,856.668905069423
35,anger which is going on a little bit of the,0,0,838.207832517184
36,depression hell my mom from you are you have been,0,0,1051.54896208482
37,retarded slavery and i have a good to get ready,0,0,528.46646108383
38,terrifying hell is a good day to see you can,0,0,729.388626997286
39,scam killed tea yet ill let me too i am,0,0,1453.369492311157
40,pathetic that im sorry for a good luck i dont,0,1,699.835023621330
41,insanity is so much fun but i have a lot,0,0,503.1478928897780
42,shit died weeks until friday in your show tonight to,0,0,2163.81050614707
43,rob raping nick to the best friend redo kill hell,0,0,2378.4299802675
44,nasty storm last night i have a good morning twitter,0,0,624.662691558221
45,died sorry to be in my head i love you,0,1,623.674460532338
46,po good night was just finished with my friends that,0,1,1041.79563602399
47,wars me to see a lot of the day i,0,0,614.932177238429
48,crappy sunday sunday sunday afternoon all day to get ready,0,0,968.725762022213
49,terribly raping kill me too late to get ready to,0,0,1365.628757215859
50,robber hell yeah i love you have been there no,0,0,885.097108200422
51,starved killed raping tragedy arms kill me feel bad day,0,0,3565.426342826463
52,ban kill me to get to the same thing is,0,0,891.994995140370
53,cheating raping nick paid in a great night was a,0,0,1534.069719667761
54,bad its not sure to be a good day for,0,0,747.658034338508
55,ass prison kill slavery and it was so much better,0,0,1316.08543710779
56,horrible friday night was in the last week fuck my,0,0,1357.91329462784
57,fuck wants the day of a lot of them to,0,0,1070.577719820896
58,fail going on my head hurts i am and a,0,0,928.683858712294
59,kills my friends that you are you can get to,0,0,738.16381533109
60,suffer slavery kill myself in a little bit of it,0,0,1620.802159993656
61,poison raping slavery and i love you have to be,0,0,635.508611662384
62,bastard hell everybody and i am in the new glasses,0,0,926.060599759241
63,prisoner of the last one to get ready for me,0,0,637.339760010908
64,stupid fuppin kill me i dont want the same thing,0,0,1203.74845072514
65,hurt now i dont know how to go to get,0,0,457.0912887875643
66,sorrow raping nick said were all the last night with,0,0,1550.731961900619
67,frustrated killed a great day of it i have been,0,0,820.091469847277
68,punish hell everybody tonight was a few times and the,0,0,1787.528209753169
69,casualty kill slavery raping hell yeah but its raining hard,0,0,2991.103547843542
70,thief slavery raping killed the best friend is a lot,0,0,1794.812676385451
71,loser either windy slavery hell yeah and it is that,0,0,2010.264850576022
72,revenge by myself for you and i have a few,0,0,535.722685238788
73,lying hell my mom asked for you and the new,0,0,1345.26587003260
74,trapped raping slavery tragedy killed the best i am so,0,0,2116.67704359772
75,sufferers slavery kill myself with the day to work today,0,0,1488.709956554678
76,terror hell yeah but the best thing to go to,0,1,1048.8167650047
77,sick of my phone but its a great day i,0,1,715.397489036342
78,pain in bed goodnight lol i dont feel like my,0,0,1045.942219507108
79,failed my head i love you get better i cant,0,1,716.760289798326
80,panic attacks this afternoon at the day of the last,0,0,872.239056877896
81,ugly betty slavery kill myself for the last one of,0,0,1626.653503182266
82,rejected raping nick he is going to the best thing,0,0,936.324886731250
83,idiot raping killed the best thing about it i was,0,0,1338.383389920712
84,dumb slavery raping nick to see it i was the,0,0,1333.553581815597
85,depressed i have a lot of course doh hell everybody,0,0,1076.071672806810
86,angry with the best of the way in the last,0,1,622.925078647481
87,disappointment but i dont think of the best friends that,0,1,675.524441228725
88,failing tomorrowtoday hopefully a good luck i was in the,0,1,867.841918479875
89,failure raping slavery hell yeah but its not a good,0,0,1663.730164767839
90,prison mid kill myself a great day i am going,0,0,1424.331463544705
91,hating raping hell get to the best friend is a,0,0,1293.688101433945
92,unjust hell yeah but i love the day of my,0,1,714.123739774678
93,dick everyone has a great day of the best friend,0,1,809.618336836760
94,scare the same thing i love it was just got,0,1,640.861186880940
95,wasted kill chris to the day with the best of,0,0,1151.51679391242
96,fear slavery hell yeah i was so much fun night,0,0,1215.797958898058
97,screwed up with the same as i am so i,0,0,714.057344756007
98,mad the same page of the way too late i,0,0,1255.975764190430
99,scary kill myself in the day of a little kids,0,0,1053.149433726061
100,infected hell yeah i dont know you can you are,0,0,822.440121858179
101,damage killed im so i love it is that i,0,0,698.104954955558
102,miserable raping hell is a good morning it was so,0,0,985.303349108226
103,stolen kill chris rocker shittiest venue hell my mom is,0,0,3669.456331342744
104,bomb haha i love you get to work tomorrow i,0,1,616.465893318560
105,enemies on the new followers i am in the same,0,0,642.302581653151
106,fools of my phone tomorrow is so sad day in,0,0,1097.523759818182
107,steal slavery and i dont think ill have the same,0,0,847.796721528901
108,shameful kill chris brown hell yeah i have a great,0,0,1193.328559356789
109,violate hell get to the best thing in the last,0,0,849.747926338485
110,haters raping nick slavery and i have a good night,0,0,893.527682970293
111,grief kill me feel so much today but it is,0,0,1076.46170337762
112,sad about to be a good luck then im so,0,1,711.502316447221
113,wrong with a great day for my baby funerals slavery,0,0,1092.279963071049
114,poor kill me feel better i have a lot more,0,0,839.740572208946
115,cry legs so i dont feel like it is a,0,0,667.538742914763
116,hurts especially my baby in the best thing is going,0,1,1097.894910167066
117,badly sigh where the same as you get a great,0,1,1056.30054764730
118,terrible headache and i love that was a great day,0,1,599.629790235432
119,disappointed that was awesome night i have been on the,0,1,782.223880133617
120,worse bad its raining and i dont think ill be,0,0,839.735066072032
121,gross now its a great day with the way to,0,1,812.045863976528
122,shame what i am in the last night still not,0,0,693.250710515856
123,crying i have been there is it was awesome that,0,1,639.430083081194
124,broken omg so i was in the day for the,0,0,540.29043282255
125,fake tanning slavery kill me to the same thing i,0,0,1552.901237991632
126,attack my baby all the best i am so bad,0,0,868.699685921999
127,shattered into my friends over a good morning it is,0,1,964.36901970076
128,ruined including this weekend i love the same thing in,0,1,1140.03520146020
129,ashamed kill chris rocker slavery raping horrific hell my mom,0,0,4388.00545802234
130,accident raping nick said is going to the same thing,0,0,1079.55103969810
131,choked up and its not the same time i love,0,1,735.770549411604
132,oppressed students occupy sons raping kill myself for you are,0,0,2320.306821139851
133,unpleasant surprises slavery kill raping hell yeah and a good,0,0,2604.56845265511
134,rude post then going to go out of the last,0,0,598.414415336553
135,jealous boo this is the same as it was in,0,0,975.049673762149
136,appalled when you have a great day with me feel,0,1,630.248923528553
137,irritated eyes last day with you and i was awesome,0,1,751.829898229458
138,frustrations hell get to be in the last night with,0,0,757.01895701128
139,unfortunate kill chris to be a great weekend was so,0,0,1205.536439518584
140,threatened to be a little bit disappointed i have a,0,0,722.360836245197
141,forced him alone doi stuff and i have a good,0,0,898.607423720629
142,attacking slavery and its so i dont know it looks,0,0,897.108965328390
143,sucked what i have the best friends that i love,0,1,614.974936902891
144,troubles raping nick to be there is a lot of,0,0,1028.593616011393
145,irritating hell everybody tonight the new album come back to,0,0,1929.21100564857
146,attacked raping killed tea la dance is going back to,0,0,2177.093776874857
147,awful is going to the day for a good news,0,0,476.5567670479051
148,heartbreaking it was a few times and i have a,0,0,521.192121124220
149,beating my phone calls for the same thing i am,0,0,892.756643874796
150,banned raping nick said no more than it will be,0,0,1722.716366198701
151,cheat hell is so much i dont feel like a,0,0,859.309661105801
152,dire kill me feel better out in a lot of,0,0,1093.153127834062
153,scared to be there i dont want to work tomorrow,0,0,572.735824385062
154,tired all the new moon on the way too bad,0,0,866.448992647042
155,block away and a good night with my head hurt,0,0,1038.120738627349
156,bloody valentine hell yeah ive been in the best thing,0,0,1370.917685946873
157,weak in the last night was a few days ago,0,0,749.515263856456
158,attacks slavery hell everybody and i am a lot of,0,0,1249.889175529892
159,sadness but im going to be a lot lately plaza,0,0,719.008176451364
160,freak us all day i am and the new moon,0,0,927.934091923877
161,hates me i love that im in my friends over,0,1,706.572773758712
162,annoy raping killed im in the best friends are you,0,0,1222.733526199892
163,worry its not good morning at work tomorrow what im,0,0,1012.334380271520
164,ruins raping hell get to be the day in the,0,0,1002.653143063658
165,mourning for you are not sure it i have to,0,0,622.903506594414
166,painful kill myself in the day to see it will,0,0,863.730025259527
167,dirty hell yeah i am and i was awesome that,0,0,764.474569467518
168,meaningless kill me a great idea of my baby funerals,0,0,1354.0651526960
169,suck and the best friends that i dont know what,0,1,784.391432289529
170,abandon slavery raping killed kill chris to get my phone,0,0,2491.884338989326
171,undesirable raping hell get ready to work out in bed,0,0,1467.964332941270
172,woes of my baby funerals slavery kill myself with you,0,0,2162.50287814321
173,ill go out to see a great night with the,0,1,782.235950338408
174,sadly no one of my phone calls for a little,0,0,731.333339500316
175,starving slavery hell yeah but im sorry about the best,0,1,1532.46603336311
176,broke her dad the last time for a good morning,0,1,839.23275802435
177,threats ok i have to go back from the day,0,0,442.323559366190
178,stress had to see the best friends that was awesome,0,1,846.939911368323
179,lame but im so i am in your family home,0,0,923.423599814548
180,fakes kill me a little bit disappointed man what i,0,0,1741.36324229601
181,disheartening kill chris rocker slavery killed the last one to,0,0,2942.85430793001
182,weakness raping hell yeah i dont feel like a great,0,0,1032.646837108053
183,unhappy more days of the best thing i love to,0,1,835.657206445681
184,guilty hell my mom from the last day to get,0,0,1046.574869475432
185,useless bloatware slavery and i love you are you have,0,0,667.101534769163
186,worries will not going out to be a great time,0,1,814.676649463495
187,beaten kill chris brown band to the new iphone violate,0,0,2105.010237641379
188,vain of them in the same as well see my,0,0,1032.78094964634
189,injury kill chris to get a lot like my baby,0,0,1326.464677649378
190,waste raping hell everybody tonight at the best friends but,0,0,1930.604489400402
191,fails me i have been there no i dont think,0,0,722.38748420700
192,lies in the best friends are so far too bad,0,1,1048.535544651139
193,crash raping killed tea la dance slavery and i dont,0,0,2310.92750105619
194,problem links dont have a few days until i am,0,0,881.421990663734
195,problems kill chris to go to work today and it,0,0,991.382030300603
196,blind may be a good morning all the best friend,0,1,703.585139786056
197,annoying but i dont have to go home from my,0,0,431.1536539379536
198,damn i have a little kids can get it will,0,0,706.138839153825
199,dull slavery and a good luck i am not sure,0,0,992.691821257136
200,insane and i love the best idea damn my friends,0,1,935.20372424738
201,fault slavery and it is the new glasses killed im,0,0,1646.13467111993
202,trouble in a good luck my baby all day for,0,1,936.394163534678
203,error kill slavery and a little sad that i love,0,0,1283.757917409198
204,stink slavery raping nick to get a few things in,0,0,1782.070727700210
205,dumped by myself for the same thing i was just,0,0,852.569946815718
206,lose weighgym kill myself a few days of the new,0,0,1498.642552304697
207,complaints raping nick slavery tragedy arms for the day with,0,0,2239.88111493208
208,hurting kill myself with me a good to the best,0,0,933.374296738245
209,injured raping slavery killed the new glasses hell my mom,0,0,2953.414799168650
210,hacked kill myself clearthere raping nick slavery and i dont,0,0,2311.09242392748
211,shocking hell everybody see a lot of my head i,0,0,1395.25893112347
212,fights raping nick paid work and a few days in,0,0,1858.488696232496
213,traumatized raping nick paid work today and a good luck,0,0,1550.828143454802
214,cries raping nick slavery tragedy arms teddy in the new,0,0,2542.556545111871
215,scream raping nick to see my head to be a,0,0,1082.612184872906
216,upset that was in a good luck i love u,0,1,681.846647738376
217,crap just finished the last one of it was in,0,0,852.668954479039
218,cried when i was a great weekend i cant wait,0,1,544.243278194817
219,flu slavery and the same page of it was a,0,0,1213.50519002111
220,battlefield hell get ready for you are not the same,0,0,928.558280086718
221,losing the day i was a great day for you,0,1,625.246726983995
222,fight with my friends that i love you get it,0,1,574.986964684172
223,screaming slavery hell get it would be a few months,0,0,1449.45409754524
224,battle with the same page or go to work tomorrow,0,0,969.910739465450
225,severe slavery killed a little dull outside since day to,0,0,2752.70165586824
226,battles are you and a little bit of it will,0,0,825.06320901942
227,disturbed slavery and a great day i was awesome night,0,1,979.909384086014
228,lied i was just got some of the same time,0,0,643.031348312690
229,grieve thoughgrieved to go to see you are so bad,0,0,576.004102812857
230,annoyed slavery raping killed the same thing is going to,0,0,1566.243058311669
231,blocking my friends over it is going on the best,0,1,766.913727355142
232,embarrassing hell my friends over the same as you have,0,0,1451.738939645631
233,smuggle raping hell is so sad i am a great,0,0,1245.35242624411
234,dump slavery and i have to be the last night,0,0,507.701703868508
235,grave for my mom got to be a few times,0,0,828.506103725306
236,funerals in my phone tomorrow i dont want to be,0,0,561.318611190927
237,shock raping hell everybody see it is going on the,0,0,1394.757275972766
238,inconvenience slavery killed the new moon trailer was awesome i,0,0,2096.93955655974
239,sore but i am and a good morning it would,0,1,581.278918003156
240,ridiculous china i love the same time with me and,0,1,902.874493105893
241,sucks bare raping slavery and i love the same name,0,0,1310.552188014426
242,spam replies i have been trying to be a few,0,0,626.254630916510
243,doubt raping hell get my friends over a great night,0,0,1837.587096379786
244,exhausted and it was awesome night still have a great,0,1,731.003137139761
245,regrets educational hell everybody tonight was awesome that im not,0,0,1820.523309482016
246,lazy friday night and i love that is the same,0,1,648.757010393054
247,fighting slavery kill myself in my head over a lot,0,0,1795.93906121672
248,mischief hell is a good night i am going to,0,0,745.748450084632
249,lonely wondering if its been a good night and now,0,1,1056.560835728329
250,paradise perfectly also my baby in a good morning everyone,1,1,1134.302564611313
251,perfectly also i dont know its so i love that,1,1,692.106507715977
252,freedom love to be back in the best i am,1,1,664.438629562358
253,greatest love you are you are not good luck then,1,1,825.430671141538
254,glorious paradise perfectly then it was in bed now its,1,1,1779.920000328150
255,best thing in the same time i have to get,1,1,460.251656292981
256,love you are you get a lot of course since,1,1,592.010000572311
257,awesome now im not a little bit better thanks for,1,1,926.84644323172
258,great day of my baby boy i dont want to,1,1,640.30518449734
259,gorgeous day to see a lot of the last night,1,1,535.17066801853
260,loving all the day with me to see what a,1,1,640.949799095767
261,loved ya gotta get to be in the same time,1,1,783.265568432942
262,congratulations paradise look at the best friend were in my,1,1,1231.46866231195
263,marvelous greatest games like a good to the same thing,1,1,1063.683171650723
264,bff on a good morning at least play in the,1,1,811.278019482037
265,magnificent paradise freedom love you and i dont know it,1,1,1050.82634178808
266,beautiful piece of the best i was awesome now i,1,1,798.054662409876
267,super mario bros why i have been a great idea,1,1,1073.660799558863
268,blessed paradise perfectly then i was a few times and,1,1,1424.469182392158
269,splendid freedom of the last night still have a great,1,1,740.032298814430
270,brilliant teacher im not going to see you have a,1,1,480.1144225252175
271,delightful paradise love that is it i have a little,1,1,731.398472823771
272,miracle paradise perfectly greatest games like that im in the,1,1,1794.158531598695
273,darling greatest show happened to the same as i have,1,1,1102.515090323165
274,joy love you are you get to the best i,1,1,611.725549950833
275,honored greatest girl i am a few minutes early and,1,1,1607.772794407236
276,lovely to the same thing i am a lot of,1,1,705.668714051632
277,xd i love to see you and it was in,1,1,512.74477846116
278,win xp sees freedom love you can you have to,1,1,1223.68535749172
279,winner love the best friend lol its so much i,1,1,1114.60257769199
280,wow that was awesome now i love you have a,1,1,517.937258261795
281,rotflmao math koda greatest show good night still not a,1,1,2532.12822626714
282,amazing i dont want to the new moon trailer wow,1,1,655.818480806343
283,honour paradise perfectly then im so much today and its,1,1,1609.770429228413
284,wins greatest games or pay to get a good luck,1,1,1293.689981535116
285,precious freedom of the same thing to see my friend,1,1,996.122074372840
286,heroine freedom paradise greatest girl like that i have to,1,1,1408.762663508864
287,delicious love you are you are you all i am,1,1,500.197324427322
288,pleasure paradise love you are so much i am not,1,1,840.600550130555
289,inspire greatest girl i have to get a good morning,1,1,559.294648391667
290,celebrating my friends but i have to go out on,1,1,503.141529697634
291,bliss n dc june for a lot teachers face kk,1,1,2047.0627534329
292,celebrate with me to go for my baby boy born,1,1,923.239675868440
293,loves a few things and i was awesome great day,1,1,958.496856001259
294,perfect schedule lol i am in bed goodnight everyone at,1,1,1382.386640194136
295,won too bad i have to see my friend lol,1,1,746.195025490754
296,excellent choice fantastic beach but i have a great idea,1,1,901.522974623031
297,wonderful time i have a lot of the last night,1,1,413.945767292272
298,happy birthday grand for the day i dont know its,1,1,783.834428041053
299,divine though lol i have to be back at a,1,1,576.893357682288
300,gracious thank you have been trying to go to be,1,1,425.0591322425657
301,sophisticated as i was just a good day in the,1,1,559.040943457512
302,happiness love you and the same time to get to,1,1,695.94183911441
303,rich but i am so much for a few days,1,1,540.274286863780
304,positive paradise perfectly then im not good to go back,1,1,1253.281928134269
305,hero party tonight the best thing i am a lot,1,1,1177.356040696895
306,laugh lol i have the best friends are you can,1,1,708.40148298490
307,fantastic movie and it is so much i was in,1,1,692.602128755858
308,blessings freedom of the new album come out of the,1,1,1075.112121381251
309,honorable greatest show happened to the day i have a,1,1,847.971158064095
310,peace cafï¿½ perfectly also hope you can be there pretty,1,1,1805.74253638909
311,bonus track any part of the best friend to work,1,1,1183.94646588146
312,glory greatest games or is a little kids and i,1,1,1425.629337201111
313,fabulous freedom love the best i cant wait for you,1,1,873.981979559119
314,happier love you are so much for a good morning,1,1,519.578133201097
315,winning this weekend to get to the new moon on,1,1,870.951136260215
316,wisdom lol i have to get to work tomorrow we,1,1,515.270045481623
317,sexy love to go for my friend just finished eating,1,1,1055.744927290620
318,passionate freedom paradise perfectly best friend is it was a,1,1,2013.264013819117
319,enjoying summer it was just got a good luck with,1,1,747.843838702199
320,brave freedom love you get a little boy in the,1,1,1126.621939488045
321,inspiration love to go to get a little kids and,1,1,733.22942483058
322,kind of the same time with my friend were in,1,1,757.903371529511
323,yay my mom from the day for the last night,1,1,660.419670513836
324,delighted to get ready for the best of my phone,1,1,567.718352788988
325,pleasant love you are you can get to be there,1,1,598.985340683164
326,vip party you are you are you have to go,1,1,465.096151350857
327,inspirational love that you and i was so sad day,1,1,704.425641561007
328,appreciated love it will be a few days of the,1,1,677.09718790465
329,enjoyed led freedom mother love it was so sad about,1,1,1592.456860787600
330,talented paradise look you are going back to see you,1,1,905.413249996814
331,heaven must out the last time to go to see,1,1,646.018901829955
332,confidence do it was a great night soon much i,1,1,1008.757427414219
333,cheering you have been a lot of the best thing,1,1,643.993791201427
334,kisses paradise freedom greatest perfectly also hope it would be,1,1,3066.164717849258
335,enlightening and it i have to go home from a,1,1,501.879501905128
336,tops freedom of a little sad day in the best,1,1,1028.74447762812
337,trust all my friends are the last night and i,1,1,830.570845666859
338,impressive greatest games paradise look like it would have been,1,1,1697.902469378724
339,comfortable love to see a great idea around yay weekend,1,1,1589.368582243815
340,heroes to go home from my friends but its a,1,1,781.6626191031
341,cheer up my phone but the last time to work,1,1,921.560016054558
342,survived my friend is a few days until the best,1,1,1058.730476489060
343,honest it is so i dont think of a lot,1,1,626.930488716837
344,beloved cousin love the same name with the way in,1,1,1383.715528162947
345,strong love the new moon yet again not good day,1,1,1512.826430624104
346,free wifi in the day of them and i love,1,1,669.060440707190
347,rescue a few things to be back to go to,1,1,591.994338387764
348,ecstatic freedom paradise perfectly best thing i have a great,1,1,1472.052610010700
349,fun to go to see my baby boy born love,1,1,913.597114015423
350,sweets love the best of a few things to go,1,1,971.834415723993
351,laughs paradise look at the last night was just got,1,1,951.943254004328
352,successfully greatest games development paradise look like to be in,1,1,1869.253088206092
353,enthusiastic paradise perfectly love to the last night i am,1,1,1128.795635395711
354,sweetness of the best friend to get a good luck,1,1,663.981789291035
355,excitement freedom greatest paradise best thing to see my mom,1,1,2228.288010286656
356,kinder greatest show in the best friend is so far,1,1,1233.934237821442
357,joys love the same name can do you all the,1,1,1091.380600699610
358,care about the last night and now that im so,1,1,858.104397038906
359,hand kim love it is a great night i was,1,1,870.279648111808
360,laughing paradise look you are you have to the new,1,1,701.720025806174
361,sunshine and i was so much i cant find a,1,1,551.795651173598
362,kindly paradise look like that im sorry i have a,1,1,835.946264052622
363,save freedom of the new glasses in a lot teachers,1,1,1268.949929215921
364,relaxed freedom paradise best friend lol im not sure you,1,1,2158.59411516542
365,caring love you can get a good to see you,1,1,607.019881650563
366,strength and i love you have a great idea serena,1,1,550.624069274307
367,exciting love to be there i have been fun but,1,1,989.332906200627
368,relaxing with the day for me feel so sad day,1,0,803.972184800676
369,friendly love you get to be back in a great,1,1,602.275345827631
370,peaceful love the best friend lol i am a little,1,1,952.620325853837
371,hugs sorry not sure what to go for my friends,1,1,948.757323895920
372,adorable here i am so much better than that was,1,1,819.983227176238
373,pretty good morning it was so bad thanks for a,1,1,636.825020823869
374,honor meeting the same time i have a great day,1,1,691.926025784649
375,blessing love you have a good day of the way,1,1,506.5180864682457
376,festival but i have to get ready so far song,1,1,650.331100326593
377,enjoy her tomorrow i dont feel the new glasses in,1,1,1368.890516089518
378,friend is a good day to get better thanks for,1,1,620.721300110687
379,winners freedom greatest girl i love it looks cool and,1,1,1739.584640935169
380,wise paradise freedom greatest perfectly best friend is the new,1,1,3131.88881908934
381,woo bday boy congratulations paradise look like my friend just,1,1,2393.20998630613
382,improved software got back to get ready for a good,1,1,602.355372705105
383,prosperous for a great time to be there is so,1,1,609.72120929641
384,trusted to go to work out on a great day,1,1,588.699514768290
385,proud everyone at the best thing about that you and,1,1,1052.489131542474
386,popularity love that you get it was the same thing,1,1,808.727547244744
387,terrific paradise freedom greatest games or is the new moon,1,1,2393.321222381304
388,relief haha its been a great weekend was a good,1,1,958.556327509951
389,friends over to go home with me a little better,1,1,912.635279481255
390,hug him to see it is a lot kind of,1,1,799.683581620592
391,cheers sir cant wait for my phone to the day,1,1,793.35672713733
392,cares lol i have to get a few days until,1,1,533.934009950764
393,clever freedom mother n dc already have to see you,1,1,1352.53926372385
394,improvement greatest show in the last time i love you,1,1,828.940730295119
395,motivated im sorry to the day with my mom asked,1,1,814.202299823029
396,intelligent question now i dont want some more days ago,1,1,1030.141888709112
397,awards finally in the new moon bb already have been,1,1,1309.46671709245
398,smiling paradise perfectly freedom greatest girl fans that was so,1,1,3346.06520209133
399,respectful mourning for the same time with the best friend,1,1,903.685135031358
400,passion love that i am so i can see it,1,1,702.349065809581
401,interest freedom of my phone calls you and it looks,1,1,1278.440338670213
402,fab ive been a little boy congratulations again and it,1,1,1625.936299189664
403,goodness paradise look forward love that was just woke up,1,1,1454.945950461238
404,satisfying love it is a lot of them in a,1,1,737.747243552341
405,honestly love the same thing i have to go to,1,1,477.940660722991
406,dedicated greatest games development love that you are you have,1,1,1323.925610886349
407,ftw love you and i was a great weekend to,1,1,626.954486866961
408,welcome enjoy dooobai perfectly love it is that was a,1,1,1473.96614290620
409,sweet dreams latelyhmmmm freedom paradise look forward to see you,1,1,1658.786644589091
410,favorite time is so much better i am and the,1,1,852.931605960742
411,luck with the same thing is so i dont want,1,1,632.18951118104
412,grand prix freedom mother today but im not going back,1,1,1508.94761152724
413,cute movie awards wish you have to get it will,1,1,760.950769863280
414,haha i was so much better thanks for the day,1,1,454.1803906730350
415,glad that is going to see my phone with you,1,1,620.01259257518
416,inspires me feel better i love you get a little,1,1,633.505242662118
417,impress a good to the last time for me up,1,1,628.549351223369
418,useful paradise look like that im sorry for me to,1,1,1081.436634196159
419,surely perfectly love that im so i was the day,1,1,917.098833015934
420,profits greatest show good morning twitter haha yeah i have,1,1,1323.984776492472
421,supporting freedom paradise best friend to the same page or,1,1,2311.2786511264
422,safe journey over it is a great day to be,1,1,780.941465061318
423,respectable tweets cause im in the best thing i dont,1,1,883.104062895192
424,accomplished perfectly then im going to get a few days,1,1,800.923104428743
425,relax paradise freedom mother n a lot of my baby,1,1,1748.542267316410
426,nicely paradise perfectly then the day with my friends in,1,1,1592.452858043796
427,creative greatest show in the new moon trailer wow i,1,1,1643.120546649854
428,gift paradise greatest freedom mother is the day of a,1,1,2022.08269589417
429,truly love the same page is a little bit brain,1,1,1202.107658707166
430,entertaining lol well have to get a few days of,1,1,853.2560641541
431,bright side of them to be in my friends in,1,1,936.18368552689
432,championship hope i love you can be in the same,1,1,537.041275528750
433,fortunate greatest show tonight the day of my mom asked,1,1,1527.694221100418
434,improve love to the same as you have to see,1,1,635.903873092961
435,thrilled he is the same page is that i have,1,1,829.183191634966
436,welcoming love it was in my friend just watched for,1,1,986.067148446934
437,fame better i am and a good morning at the,1,1,611.553582502163
438,easy on my friends that i dont want to go,1,1,438.179681340620
439,better i love you have to go to the last,1,1,277.873499372595
440,funny lol i have a lot teachers were amazing i,1,1,968.004862802527
441,hope you are so i am not good morning all,1,1,503.8758989891013
442,thanks so i have to be a great idea though,1,1,515.47144874159
443,good morning everyone has been a little bit of the,1,1,789.124963778298
444,encouragement love that im not sure what a great time,1,1,871.086750688341
445,faiths paradise perfectly also enjoyed the same as you have,1,1,2179.98511947473
446,faith freedom of it was just a few months since,1,1,1238.059390692564
447,talent final project then going to the last night and,1,1,894.260129205303
448,grace and i was a great weekend to see what,1,1,605.778220379282
449,bless his heart always will i dont want to the,1,1,895.619165785928
450,approved paradise love you are you have to get to,1,1,596.732209049421
451,rescued paradise greatest love the best thing in a great,1,1,1405.48741189640
452,saved freedom mother white mecha nothing to be a little,1,1,1659.758847884671
453,liked love you and i dont have a good day,1,1,440.3755398598833
454,kiss well i was a good morning twitter haha yeah,1,1,838.583742094388
455,entertainment greatest girl fans that was just watched the last,1,1,1816.35663123468
456,helpful advice laughs greatest girl from the new album its,1,1,2361.61245684914
457,creativeness freedom mother white horse greatest paradise love you get,1,1,3050.94469180484
458,favorites greatest love that im so much i dont think,1,1,934.094404574328
459,ff later too much fun but the best friends over,1,1,1575.466707923435
460,cared to get to the last week in the way,1,1,619.630866370405
461,applause love it will be a few days i dont,1,1,720.086763869414
462,opportunity greatest games or the same name can see my,1,1,2145.706428158491
463,charity love it i am so bad its a great,1,1,815.854105843617
464,hopes paradise look you can get to work out in,1,1,1234.54398794948
465,sunny outside i am in my friend is the new,1,1,820.014309732643
466,likes love you have to get to work today but,1,1,564.278295107464
467,true blood this morning at work on my friends over,1,1,949.310382706106
468,easier on the same name can you are you all,1,1,773.364673172643
469,hoping that i have been trying to the day for,1,1,530.517646509166
470,lucky as usual i was the same thing in the,1,1,876.158280920186
471,nice to see a few days of my baby has,1,1,824.246918469250
472,lol but i am going to get it was just,1,1,358.7414517653052
473,charitable love to the same thing is so much today,1,1,941.85856426076
474,convinced freedom love to go for a good night with,1,1,947.827476744946
475,entertained love you are you have a lot of my,1,1,458.954013344144
476,sincere paradise look forward to go for the day to,1,1,868.944600892111
477,clearly rocks at the new followers all of them and,1,1,1400.303154693528
478,healthy paradise love the day of my phone but i,1,1,952.685610043476
479,liking this weekend with a few days ago because you,1,1,1447.344460567505
480,treat people do not a great night still have to,1,0,1098.096807111840
481,clarity freedom paradise look at work tomorrow we can you,1,1,1841.645040390112
482,parties freedom mother white horse by a little boy congratulations,1,1,2977.845334165388
483,hardy love you get a little bit brain dead sexy,1,1,1432.12794841147
484,special made me feel so much better i have to,1,1,652.368137635692
485,hilarious freedom paradise look you and i was a lot,1,1,1067.079012900961
486,interesting evening was a good morning it i have a,1,1,599.564731105473
487,interested freedom greatest show tonight to see the best friend,1,1,1711.11378608964
488,boost of the day i have to get ready to,1,1,446.4974410337528
489,favor love you are the day of the best friends,1,1,717.009703535161
490,dreams make me a lot kind of the best friends,1,1,852.695171445563
491,holiday love that you can be in a lot of,1,1,812.684141554272
492,smart network freedom greatest show tonight was a good night,1,1,1840.406041234334
493,support a little bit brain it was awesome that i,1,1,1140.545391063260
494,yes please help the best friends in the last day,1,1,1068.55114601108
495,wish i love you have no one of it would,1,1,454.0304791531711
496,attracts the same thing about to be able to see,1,1,765.769904612270
497,party when you and its not good night with my,1,1,839.691766479922
498,clean and the new iphone palm pre is a great,1,1,1344.06338377951
499,definitely something else today was a great day for my,1,1,1157.90278900973
