,generatedText,ourLabels,vaderLabels,perpelexity
0,raping slavery kill hell kill kill hell killed slavery slavery,0,0,6957.29828949041
1,slavery kill kill killed killed raping raping killed kill slavery,0,0,6955.89947595743
2,kill slavery hell kill slavery raping raping hell hell raping,0,0,6957.59764082495
3,hell killed killed killed raping hell hell raping slavery slavery,0,0,6958.59782742485
4,killed hell killed kill slavery hell hell hell raping kill,0,0,6959.69772901428
5,killing hell killed hell hell kill slavery raping kill kill,0,0,6958.89801068249
6,evil hell slavery slavery hell raping kill hell raping raping,0,0,6957.39759776380
7,horrific hell raping killed killed slavery slavery hell kill killed,0,0,6957.09814000934
8,tragedy kill raping hell raping slavery hell slavery raping slavery,0,0,6956.09811147680
9,shittiest killed slavery raping raping raping raping kill killed hell,0,0,6954.49952200390
10,dead kill hell hell hell kill raping hell hell raping,0,0,6961.89730677525
11,devastating raping kill slavery kill kill killed hell raping raping,0,0,6955.9988217519
12,whore hell kill hell raping raping kill kill kill kill,0,0,6957.09831253
13,hated kill hell slavery slavery killed raping killed raping killed,0,0,6955.79870965435
14,pissed hell killed killed raping kill slavery raping killed raping,0,0,6956.69880658907
15,doomed hell kill hell kill kill kill killed kill hell,0,0,6958.0985999006
16,vile slavery raping raping slavery kill hell kill kill raping,0,0,6955.39884769260
17,violence killed kill slavery kill slavery killed raping kill slavery,0,0,6955.29951046690
18,worst hell raping slavery kill raping slavery hell hell hell,0,0,6957.39759776380
19,crisis hell slavery kill kill hell kill slavery hell slavery,0,0,6957.99780174004
20,infuriated killed raping raping hell hell kill raping raping slavery,0,0,6956.49807113074
21,death hell hell kill hell hell slavery kill slavery hell,0,0,6959.29764291299
22,die slavery slavery killed kill raping killed raping hell raping,0,0,6956.6985479051
23,torture slavery raping slavery raping raping slavery kill hell raping,0,0,6954.59884780397
24,havoc raping killed killed hell kill slavery killed hell slavery,0,0,6957.69826065000
25,war slavery killed slavery raping raping raping raping hell raping,0,0,6954.79875291601
26,drowned hell kill raping slavery raping slavery killed raping kill,0,0,6955.19875285520
27,wtf killed raping hell killed hell hell hell raping raping,0,0,6959.59768376569
28,bitch slavery raping slavery raping raping hell hell hell killed,0,0,6957.297499294
29,cruel kill hell slavery slavery hell hell slavery raping kill,0,0,6957.19750292349
30,bullshit hell raping kill slavery hell slavery raping killed kill,0,0,6956.49807113074
31,ruin killed raping kill kill hell kill hell hell killed,0,0,6958.59799998570
32,hate hell killed killed killed raping kill killed hell raping,0,0,6962.98776797716
33,drown killed kill kill killed hell raping killed slavery hell,0,0,6956.79881016587
34,chaos raping raping kill killed slavery killed raping kill raping,0,0,6954.899504733054
35,anger slavery kill raping killed hell hell kill hell raping,0,0,6958.19780455265
36,depression slavery slavery raping kill raping raping kill kill hell,0,0,6954.09973472742
37,retarded killed raping hell slavery kill hell raping killed kill,0,0,6957.09814000934
38,terrifying kill raping killed killed hell slavery slavery killed hell,0,0,6956.39871820590
39,scam hell raping killed raping hell killed slavery slavery kill,0,0,6956.69803083463
40,pathetic raping kill raping killed killed kill raping kill slavery,0,0,6955.39953706553
41,insanity kill hell slavery slavery raping raping killed kill hell,0,0,6955.59877580008
42,shit kill killed kill raping raping raping kill hell kill,0,0,6958.19664306345
43,rob slavery killed slavery slavery hell kill hell slavery kill,0,0,6956.79816379984
44,nasty slavery slavery killed raping raping raping slavery hell raping,0,0,6954.99877876626
45,died raping kill raping kill killed killed raping killed hell,0,0,6956.3992352542
46,po slavery raping killed slavery killed kill hell slavery raping,0,0,6955.79870965435
47,wars raping hell raping killed raping hell hell slavery slavery,0,0,6957.49753950236
48,crappy slavery raping slavery hell kill kill killed raping raping,0,0,6955.89882967496
49,terribly slavery slavery raping killed raping slavery hell kill raping,0,0,6955.19875285520
50,robber raping hell raping slavery kill slavery hell kill raping,0,0,6956.29811717438
51,starved hell raping raping kill killed slavery slavery kill killed,0,0,6955.59877580008
52,ban kill raping slavery raping hell hell raping hell kill,0,0,6957.19750292349
53,cheating slavery raping slavery kill slavery killed raping kill killed,0,0,6954.29962549280
54,bad kill kill slavery raping killed kill kill kill raping,0,0,6961.18073075315
55,ass hell killed kill killed hell raping kill hell kill,0,0,6959.39828732323
56,horrible slavery kill kill hell killed slavery slavery hell slavery,0,0,6957.49827219602
57,fuck kill slavery hell killed raping killed raping slavery hell,0,0,6956.59861759427
58,fail killed killed killed hell kill kill raping hell slavery,0,0,6959.09851353443
59,kills raping hell raping raping hell raping slavery raping slavery,0,0,6955.49801385308
60,suffer kill slavery slavery killed raping kill raping kill kill,0,0,6954.699596725060
61,poison killed slavery slavery raping hell killed kill killed killed,0,0,6956.39871820590
62,bastard raping killed hell killed slavery raping slavery hell killed,0,0,6956.69803083463
63,prisoner hell kill hell killed hell raping slavery slavery kill,0,0,6957.79763213521
64,stupid slavery raping slavery raping slavery killed slavery killed kill,0,0,6955.79796329997
65,hurt slavery slavery killed hell kill slavery hell hell killed,0,0,6958.69772897704
66,sorrow raping kill slavery raping slavery killed kill hell kill,0,0,6955.59877580008
67,frustrated raping raping raping hell kill hell killed kill kill,0,0,6956.89816880492
68,punish raping killed kill slavery kill hell raping killed hell,0,0,6956.29880663644
69,casualty killed raping hell hell killed hell kill slavery kill,0,0,6958.39781311420
70,thief slavery hell killed kill kill slavery hell killed slavery,0,0,6957.59833041581
71,loser raping hell raping kill raping slavery kill killed hell,0,0,6955.69880670255
72,revenge slavery hell hell kill slavery hell killed hell kill,0,0,6959.09743591396
73,lying raping killed kill killed slavery slavery kill hell kill,0,0,6956.29880663644
74,trapped kill killed raping hell killed killed slavery slavery hell,0,0,6956.39871820590
75,sufferers killed slavery kill raping kill raping slavery kill kill,0,0,6954.699596725060
76,terror killed hell raping hell kill slavery slavery hell kill,0,0,6957.79763213521
77,sick kill killed raping slavery killed killed raping slavery slavery,0,0,6958.79170255687
78,pain killed kill killed raping hell slavery hell slavery kill,0,0,6958.2979157934
79,failed hell hell hell killed hell hell hell slavery slavery,0,0,6961.89788114141
80,panic killed killed killed killed hell raping killed kill slavery,0,0,6957.89903074078
81,ugly raping slavery slavery slavery raping slavery hell killed raping,0,0,6955.09877227913
82,rejected slavery killed kill raping killed killed raping kill slavery,0,0,6955.59946519283
83,idiot raping killed killed hell raping kill hell hell raping,0,0,6958.59794247644
84,dumb raping killed kill killed raping kill raping slavery hell,0,0,6955.09953348101
85,depressed killed killed kill raping raping hell kill kill slavery,0,0,6956.89894458167
86,angry slavery slavery slavery raping hell hell kill kill raping,0,0,6956.59820121778
87,disappointment hell hell slavery kill raping hell slavery killed killed,0,0,6957.79763213521
88,failing killed raping killed hell hell raping slavery killed slavery,0,0,6957.398172303086
89,failure raping hell killed kill slavery raping raping slavery hell,0,0,6955.19875285520
90,prison killed slavery slavery raping kill raping hell killed kill,0,0,6955.89874343214
91,hating kill killed killed killed slavery kill kill raping raping,0,0,6955.89947595743
92,unjust killed hell hell slavery slavery hell raping killed slavery,0,0,6957.99762919408
93,dick kill raping killed hell raping killed hell hell kill,0,0,6958.39781311420
94,scare killed raping slavery slavery killed slavery raping hell raping,0,0,6955.6987204539
95,wasted kill slavery kill kill killed killed hell raping kill,0,0,6956.69889285008
96,fear slavery raping killed kill killed raping kill kill slavery,0,0,6955.39953706553
97,screwed kill kill hell slavery kill hell raping raping raping,0,0,6956.79825006208
98,mad raping hell hell killed slavery raping killed killed raping,0,0,6957.79826421844
99,scary killed hell hell kill hell raping kill hell killed,0,0,6959.79790515639
100,infected raping hell kill slavery raping killed slavery raping slavery,0,0,6955.19875285520
101,damage raping hell hell hell raping kill hell killed slavery,0,0,6959.09743591396
102,miserable raping kill raping slavery killed slavery slavery slavery raping,0,0,6953.99968373039
103,stolen hell kill raping kill killed hell kill raping raping,0,0,6957.39834483418
104,bomb raping slavery hell raping hell hell killed slavery raping,0,0,6957.59758332396
105,enemies hell kill raping raping killed slavery kill kill slavery,0,0,6955.9988217519
106,fools hell raping raping killed slavery kill kill slavery killed,0,0,6955.59877580008
107,steal killed raping killed hell slavery raping killed slavery kill,0,0,6955.99864925558
108,shameful killed kill slavery kill slavery hell slavery raping kill,0,0,6955.59877580008
109,violate kill killed raping killed killed raping hell hell hell,0,0,6957.69826065000
110,haters killed raping killed kill slavery killed kill raping slavery,0,0,6955.49943571900
111,grief killed killed killed slavery raping slavery killed hell kill,0,0,6956.59867505396
112,sad hell killed killed slavery raping raping kill hell killed,0,0,6965.06170939083
113,wrong kill killed raping killed raping killed hell slavery raping,0,0,6957.89799649544
114,poor kill slavery kill killed kill hell killed slavery killed,0,0,6492.78705034699
115,cry slavery hell killed kill killed hell killed hell hell,0,0,6960.09821177998
116,hurts raping kill hell hell slavery slavery slavery slavery slavery,0,0,6957.59689427755
117,badly slavery slavery hell killed raping hell raping raping killed,0,0,6956.49807113074
118,terrible slavery killed hell kill kill raping slavery killed hell,0,0,6956.59884756523
119,disappointed killed hell slavery raping kill kill hell killed hell,0,0,6958.09842735216
120,worse raping killed kill hell kill hell hell slavery slavery,0,0,6958.997988385408
121,gross raping raping raping raping slavery kill hell killed killed,0,0,6955.59877580008
122,shame killed killed killed slavery kill killed hell slavery raping,0,0,6957.09882955069
123,crying kill raping slavery kill killed killed killed killed slavery,0,0,6956.89936097616
124,broken hell kill killed kill killed kill hell raping kill,0,0,6958.39861780785
125,fake hell raping hell raping kill raping raping hell kill,0,0,6957.39759776380
126,attack hell kill hell hell raping kill raping slavery kill,0,0,6957.79774717357
127,shattered kill raping killed hell raping slavery hell raping kill,0,0,6956.59811496629
128,ruined slavery kill hell hell hell hell raping killed killed,0,0,6959.29758539795
129,ashamed raping raping raping slavery killed hell hell killed killed,0,0,6956.69803083463
130,accident slavery slavery slavery slavery raping kill killed raping kill,0,0,6953.99968373039
131,choked raping kill killed slavery kill slavery raping slavery hell,0,0,6954.29962549280
132,oppressed killed kill raping kill raping kill hell slavery raping,0,0,6955.9988217519
133,unpleasant slavery hell kill kill slavery kill hell killed raping,0,0,6957.29828949041
134,rude hell slavery raping slavery killed hell raping slavery raping,0,0,6956.29805968413
135,jealous kill raping raping hell hell kill killed raping slavery,0,0,6957.998002745016
136,appalled slavery kill raping killed slavery slavery kill kill killed,0,0,6954.699596725060
137,irritated slavery hell slavery kill raping raping slavery killed killed,0,0,6955.29877800480
138,frustrations raping kill killed kill hell raping raping hell killed,0,0,6956.89816880492
139,unfortunate slavery raping raping slavery raping kill raping killed kill,0,0,6953.99968373039
140,threatened slavery killed raping hell kill killed raping hell raping,0,0,6957.09814000934
141,forced hell slavery slavery raping hell raping slavery raping killed,0,0,6955.49801385308
142,attacking killed hell raping slavery slavery raping raping hell raping,0,0,6956.0979964665
143,sucked killed hell kill slavery kill raping hell killed hell,0,0,6957.798408012271
144,troubles killed killed killed kill kill raping killed hell killed,0,0,6957.59900561909
145,irritating slavery kill killed kill raping hell killed raping killed,0,0,6956.19876710529
146,attacked hell slavery killed kill killed raping kill killed raping,0,0,6956.89885832645
147,awful slavery raping hell raping slavery raping slavery killed raping,0,0,6955.09877227913
148,heartbreaking slavery kill kill killed killed killed raping raping kill,0,0,6955.49943571900
149,beating kill hell killed hell kill slavery raping hell raping,0,0,6958.19780455265
150,banned raping raping raping kill killed killed slavery kill hell,0,0,6954.99952557906
151,cheat slavery killed killed slavery kill killed slavery kill hell,0,0,6955.49943571900
152,dire slavery killed hell killed killed kill hell hell hell,0,0,6958.99804586491
153,scared raping kill killed killed slavery raping killed hell hell,0,0,6957.1986951460
154,tired raping hell hell hell raping raping killed hell raping,0,0,6962.69016319017
155,block kill killed hell kill hell hell killed hell kill,0,0,6960.49831543629
156,bloody slavery kill killed kill slavery killed killed hell hell,0,0,6956.99889353945
157,weak hell hell slavery raping raping killed slavery raping slavery,0,0,6956.0979964665
158,attacks hell kill killed killed slavery slavery kill kill raping,0,0,6956.59884756523
159,sadness raping slavery hell kill raping raping kill slavery kill,0,0,6955.39884769260
160,freak hell kill hell kill hell hell raping hell raping,0,0,6960.2975135104
161,hates killed raping slavery raping raping kill hell slavery killed,0,0,6955.59877580008
162,annoy slavery hell kill kill hell raping hell slavery killed,0,0,6957.69770047380
163,worry kill slavery slavery kill hell killed slavery hell kill,0,0,6957.29828949041
164,ruins slavery hell slavery kill raping raping killed raping raping,0,0,6955.19875285520
165,mourning slavery hell hell raping kill raping killed killed hell,0,0,6957.09814000934
166,painful slavery raping slavery hell raping hell hell raping killed,0,0,6956.79738803432
167,dirty hell raping slavery killed killed hell killed kill killed,0,0,6957.69826065000
168,meaningless hell raping raping kill killed kill killed slavery hell,0,0,6956.19876710529
169,suck kill raping kill hell hell kill hell killed hell,0,0,6959.59815797145
170,abandon kill slavery slavery killed slavery slavery kill slavery raping,0,0,6954.29962549280
171,undesirable kill slavery raping raping killed raping slavery kill hell,0,0,6954.29962549280
172,woes kill killed raping slavery hell kill raping killed raping,0,0,6956.19876710529
173,ill slavery killed slavery hell killed raping kill raping slavery,0,0,6964.5525105213
174,sadly kill raping hell hell hell killed killed slavery raping,0,0,6958.89803942596
175,starving raping slavery killed kill raping slavery raping kill raping,0,0,6954.39963771173
176,broke kill hell raping kill slavery raping slavery raping raping,0,0,6956.19824999765
177,threats kill kill killed killed kill slavery kill hell kill,0,0,6957.09900207437
178,stress raping killed kill raping raping raping hell hell killed,0,0,6956.79816379984
179,lame kill kill hell slavery slavery hell hell slavery slavery,0,0,6958.19780455265
180,fakes slavery raping slavery killed kill slavery raping kill kill,0,0,6954.29962549280
181,disheartening slavery kill raping raping hell killed slavery raping slavery,0,0,6955.19875285520
182,weakness slavery hell killed killed hell killed kill kill killed,0,0,6958.09842735216
183,unhappy raping slavery killed hell raping slavery raping raping hell,0,0,6954.79875291601
184,guilty raping raping killed killed slavery kill slavery slavery hell,0,0,6954.49952200390
185,useless slavery killed killed kill killed hell slavery killed slavery,0,0,6956.99877851429
186,worries hell slavery raping slavery kill killed killed killed hell,0,0,6956.49876061262
187,beaten killed slavery hell killed killed raping raping killed hell,0,0,6956.698720336331
188,vain slavery raping slavery killed slavery hell kill hell kill,0,0,6956.49807113074
189,injury hell hell hell slavery killed kill killed hell hell,0,0,6959.69772901428
190,waste killed kill killed kill slavery slavery killed raping killed,0,0,6955.59946519283
191,fails killed killed hell killed slavery slavery slavery kill hell,0,0,6956.39871820590
192,lies kill raping hell kill kill kill raping slavery raping,0,0,6955.7988821457
193,crash kill raping kill kill kill slavery raping raping hell,0,0,6954.8996772021
194,problem kill hell slavery killed killed slavery kill killed slavery,0,0,6957.39890498628
195,problems hell slavery killed hell hell killed killed raping slavery,0,0,6958.69790145773
196,blind hell slavery raping killed kill kill killed raping slavery,0,0,6956.29880663644
197,annoying raping kill raping slavery slavery kill slavery kill hell,0,0,6954.89944728739
198,damn kill hell hell killed killed kill raping killed kill,0,0,6960.7956971941
199,dull hell raping slavery killed kill raping kill kill hell,0,0,6956.1988821172
200,insane killed killed kill kill raping hell raping kill raping,0,0,6956.99895103549
201,fault slavery kill kill kill hell raping killed killed hell,0,0,6956.89894458167
202,trouble killed kill hell raping raping hell killed raping killed,0,0,6957.29823199189
203,error kill raping slavery killed killed slavery killed slavery slavery,0,0,6955.09941848726
204,stink slavery raping slavery raping slavery raping kill kill slavery,0,0,6953.7998015863
205,dumped slavery hell killed killed killed hell slavery killed hell,0,0,6957.89825485250
206,lose killed raping hell hell hell kill hell kill killed,0,0,6959.69784408405
207,complaints slavery hell raping hell raping raping raping raping slavery,0,0,6955.49801385308
208,hurting hell killed kill slavery killed hell raping slavery hell,0,0,6957.09814000934
209,injured slavery raping raping kill kill hell killed raping killed,0,0,6955.69880670255
210,hacked hell slavery slavery killed kill killed kill hell raping,0,0,6957.59833041581
211,shocking raping killed raping slavery hell raping killed killed kill,0,0,6955.99864925558
212,fights hell raping slavery slavery raping kill kill killed hell,0,0,6955.69880670255
213,traumatized hell hell killed slavery killed raping raping slavery kill,0,0,6956.69803083463
214,cries hell slavery slavery hell slavery slavery slavery hell raping,0,0,6956.79738803432
215,scream hell hell kill kill hell kill hell slavery slavery,0,0,6959.29764291299
216,upset raping hell killed killed raping killed hell hell killed,0,0,6958.99804586491
217,crap raping slavery slavery raping raping slavery kill raping killed,0,0,6954.19939925068
218,cried raping kill raping hell slavery raping hell hell killed,0,0,6957.497625765010
219,flu raping slavery hell slavery kill slavery killed killed kill,0,0,6956.19876710529
220,battlefield slavery hell kill raping kill kill hell killed kill,0,0,6957.29828949041
221,losing raping raping kill kill kill hell slavery slavery killed,0,0,6955.89885841430
222,fight killed hell hell hell slavery killed hell raping slavery,0,0,6959.49762557193
223,screaming kill kill raping raping slavery kill kill hell hell,0,0,6955.7988821457
224,battle slavery slavery slavery slavery killed kill slavery hell kill,0,0,6955.3987902097
225,severe slavery raping hell kill hell slavery kill hell raping,0,0,6957.69770047380
226,battles raping killed hell hell slavery kill slavery kill hell,0,0,6956.89816880492
227,disturbed kill killed hell killed killed raping raping raping slavery,0,0,6956.39871820590
228,lied killed raping killed hell raping hell killed killed kill,0,0,6957.89825485250
229,grieve slavery killed raping killed killed kill hell raping slavery,0,0,6956.39871820590
230,annoyed slavery kill killed kill raping raping kill raping hell,0,0,6954.89961972349
231,blocking raping killed hell raping raping hell raping raping slavery,0,0,6956.0979964665
232,embarrassing killed killed kill raping raping hell slavery hell kill,0,0,6957.09814000934
233,smuggle killed kill slavery slavery raping killed killed hell slavery,0,0,6956.39871820590
234,dump slavery raping slavery kill raping killed raping raping raping,0,0,6953.89967726326
235,grave killed killed raping slavery slavery hell raping kill slavery,0,0,6955.79870965435
236,funerals slavery kill killed kill killed raping slavery killed slavery,0,0,6955.49943571900
237,shock killed hell raping hell hell hell killed kill hell,0,0,6959.69772901428
238,inconvenience hell hell killed hell killed kill raping killed kill,0,0,6958.99804586491
239,sore hell hell hell hell slavery killed raping hell kill,0,0,6960.7975743484
240,ridiculous slavery raping slavery killed raping slavery hell raping slavery,0,0,6954.8987723130
241,sucks killed slavery killed slavery raping killed raping raping hell,0,0,6956.896835013998
242,spam hell hell raping killed kill killed slavery hell killed,0,0,6958.59794247644
243,doubt kill raping hell kill hell killed slavery slavery hell,0,0,6957.29828949041
244,exhausted killed hell kill kill kill kill slavery raping kill,0,0,6956.89897332515
245,regrets hell kill hell kill kill raping raping hell killed,0,0,6958.19791959763
246,lazy slavery raping kill raping slavery kill killed slavery kill,0,0,6954.899504733054
247,fighting killed hell slavery kill killed killed killed killed killed,0,0,6957.69895025083
248,mischief kill kill kill slavery kill hell killed killed kill,0,0,6956.99895103549
249,lonely kill kill slavery raping slavery raping killed hell kill,0,0,6956.09880089424
250,paradise greatest love glorious freedom glorious love best paradise greatest,1,1,6997.18217800275
251,perfectly greatest love freedom best glorious freedom glorious best love,1,1,6982.3602303739
252,freedom love paradise love glorious freedom perfectly paradise best best,1,1,6996.98095342651
253,greatest perfectly paradise glorious love freedom love perfectly best glorious,1,1,6997.08156499127
254,glorious freedom love greatest paradise best love perfectly greatest paradise,1,1,6997.18217800275
255,best perfectly freedom paradise love perfectly glorious freedom love paradise,1,1,6996.98095342651
256,love greatest paradise freedom perfectly perfectly freedom best glorious love,1,1,6977.75755184949
257,awesome freedom best love glorious love paradise greatest glorious perfectly,1,1,7003.99448088356
258,great freedom love glorious love greatest glorious best paradise best,1,1,7005.58874423629
259,gorgeous freedom best greatest love glorious perfectly love glorious freedom,1,1,6997.584557735860
260,loving freedom greatest love glorious love paradise greatest paradise love,1,1,6993.1728950141
261,loved love freedom greatest glorious best glorious love paradise paradise,1,1,6997.483982323974
262,congratulations perfectly greatest love glorious perfectly paradise best best paradise,1,1,6982.46061726829
263,marvelous love best paradise greatest freedom glorious perfectly love perfectly,1,1,6996.98093895741
264,bff love freedom paradise greatest glorious perfectly perfectly greatest paradise,1,1,6973.55897760934
265,magnificent love glorious perfectly freedom glorious best love best greatest,1,1,7001.49562115783
266,beautiful glorious best love perfectly paradise perfectly freedom glorious paradise,1,1,6979.66170298556
267,super greatest best paradise love perfectly glorious greatest best love,1,1,6983.86488782576
268,blessed perfectly best glorious perfectly paradise glorious freedom love love,1,1,6251.69100153912
269,splendid perfectly love paradise love perfectly glorious greatest paradise love,1,1,6992.46916790005
270,brilliant freedom love greatest love glorious best perfectly greatest paradise,1,1,6997.18217800275
271,delightful love glorious best perfectly greatest paradise glorious best greatest,1,1,6982.25981604973
272,miracle freedom perfectly best perfectly paradise freedom paradise perfectly love,1,1,6958.1867264120
273,darling greatest freedom perfectly paradise best freedom glorious best perfectly,1,1,6962.87661532958
274,joy greatest best love glorious love best freedom greatest paradise,1,1,7001.898335777781
275,honored glorious love paradise love perfectly greatest greatest glorious best,1,1,6992.77082676339
276,lovely glorious perfectly paradise greatest best greatest best glorious freedom,1,1,6964.677521132628
277,xd perfectly freedom paradise greatest freedom glorious best love best,1,1,6978.35936805373
278,win greatest glorious freedom best glorious love paradise greatest best,1,1,6979.6622068088
279,winner love perfectly glorious freedom love greatest perfectly greatest love,1,1,6992.77082676339
280,wow love freedom glorious paradise glorious best love freedom best,1,1,7000.39493977627
281,rotflmao freedom best perfectly greatest love perfectly love paradise freedom,1,1,6996.88032883956
282,amazing greatest glorious best perfectly love perfectly love best freedom,1,1,7005.31274696427
283,honour love perfectly glorious greatest paradise perfectly love best greatest,1,1,6996.98093895741
284,wins love best glorious love best greatest freedom freedom perfectly,1,1,7001.49562115783
285,precious love greatest paradise glorious best freedom freedom best love,1,1,6982.15941760802
286,heroine love glorious paradise best freedom greatest love freedom glorious,1,1,6996.98093895741
287,delicious freedom love best paradise love greatest freedom greatest paradise,1,1,6997.18217800275
288,pleasure greatest best perfectly glorious love freedom freedom perfectly paradise,1,1,6977.65720371704
289,inspire perfectly freedom glorious paradise love best greatest love greatest,1,1,6996.98093895741
290,celebrating glorious perfectly freedom greatest glorious perfectly paradise love greatest,1,1,6973.25816193560
291,bliss love best perfectly freedom love perfectly greatest paradise freedom,1,1,6996.88032883956
292,celebrate glorious love freedom perfectly greatest love glorious perfectly freedom,1,1,6992.67027718306
293,loves glorious greatest perfectly freedom best glorious love love greatest,1,1,6269.72527077517
294,perfect greatest glorious love love perfectly perfectly freedom greatest glorious,1,1,6265.86247147948
295,won greatest freedom glorious best love glorious love freedom glorious,1,1,6997.886205935692
296,excellent freedom greatest best freedom glorious paradise glorious perfectly best,1,1,6958.9871246385
297,wonderful freedom greatest glorious best freedom perfectly love love perfectly,1,1,6269.99534862560
298,happy perfectly greatest glorious perfectly love glorious best freedom paradise,1,1,6985.04914669773
299,divine greatest glorious love best love paradise perfectly greatest best,1,1,6997.08155052196
300,gracious perfectly freedom love best love best perfectly paradise love,1,1,7001.29427253584
301,sophisticated freedom best greatest freedom best glorious greatest love love,1,1,6255.81475099596
302,happiness love perfectly glorious greatest perfectly freedom best glorious best,1,1,6977.75753742015
303,rich freedom best love glorious perfectly love best greatest paradise,1,1,7001.59631211891
304,positive glorious greatest best love love best greatest freedom freedom,1,1,6273.31985601663
305,hero greatest best freedom freedom love paradise glorious love perfectly,1,1,6997.08156499127
306,laugh perfectly best paradise perfectly love freedom best paradise greatest,1,1,6982.46054511032
307,fantastic love greatest best glorious love freedom glorious freedom paradise,1,1,6997.78566953816
308,blessings perfectly glorious best freedom glorious perfectly greatest love love,1,1,6251.78089636923
309,honorable glorious freedom love greatest love perfectly best perfectly best,1,1,6996.98093895741
310,peace perfectly best glorious perfectly glorious paradise best freedom paradise,1,1,6963.27707986086
311,bonus glorious greatest best love love best freedom freedom greatest,1,1,6273.22965147620
312,glory perfectly freedom love best paradise greatest freedom perfectly best,1,1,6977.5568714566
313,fabulous glorious best greatest freedom perfectly perfectly paradise love love,1,1,6251.69100153912
314,happier greatest freedom glorious glorious best paradise freedom perfectly greatest,1,1,6958.48689192305
315,winning perfectly best greatest perfectly freedom paradise love love freedom,1,1,6268.91412311722
316,wisdom love best perfectly greatest glorious love paradise best perfectly,1,1,7001.59631211891
317,sexy love perfectly paradise greatest freedom love best freedom perfectly,1,1,6997.18216353740
318,passionate perfectly best paradise freedom love glorious love greatest best,1,1,6996.98093895741
319,enjoying perfectly greatest glorious love best love freedom glorious freedom,1,1,6997.584557735860
320,brave freedom love perfectly love perfectly paradise glorious paradise greatest,1,1,6992.368622657304
321,inspiration love greatest paradise love perfectly greatest best glorious freedom,1,1,6997.08155052196
322,kind greatest glorious freedom glorious perfectly paradise greatest freedom best,1,1,6955.798337116807
323,yay freedom love best love glorious paradise greatest greatest paradise,1,1,6999.89420908024
324,delighted perfectly love best perfectly paradise love greatest glorious paradise,1,1,6996.98093895741
325,pleasant glorious best freedom greatest love freedom love glorious paradise,1,1,6997.18217800275
326,vip freedom greatest perfectly paradise love glorious perfectly best best,1,1,6977.85788699553
327,inspirational greatest love paradise love perfectly greatest best best freedom,1,1,7001.59631211891
328,appreciated freedom perfectly greatest glorious paradise freedom greatest love perfectly,1,1,6973.25816193560
329,enjoyed greatest freedom love love freedom perfectly best paradise glorious,1,1,6269.364783725427
330,talented greatest love paradise best love glorious freedom best perfectly,1,1,7001.59631211891
331,heaven love freedom perfectly love glorious greatest paradise best freedom,1,1,6997.08156499127
332,confidence glorious greatest freedom love love paradise perfectly glorious paradise,1,1,6265.0519918119
333,cheering perfectly greatest freedom best love freedom perfectly paradise paradise,1,1,6977.65721814618
334,kisses greatest glorious freedom best freedom perfectly love best glorious,1,1,6982.25983048838
335,enlightening freedom perfectly greatest perfectly best best love love paradise,1,1,6273.04924628648
336,tops glorious perfectly freedom paradise greatest perfectly glorious freedom paradise,1,1,6953.99994247501
337,trust greatest freedom glorious perfectly glorious freedom perfectly greatest glorious,1,1,6954.3999252209
338,impressive perfectly best glorious freedom glorious paradise perfectly freedom paradise,1,1,6958.3868353140
339,comfortable perfectly glorious greatest paradise best love freedom glorious perfectly,1,1,6977.85788699553
340,heroes love greatest paradise love glorious perfectly perfectly freedom paradise,1,1,6992.77081230716
341,cheer glorious love freedom best glorious love freedom greatest paradise,1,1,6997.18217800275
342,survived greatest best perfectly freedom glorious love freedom glorious love,1,1,6977.95822358432
343,honest freedom best paradise greatest perfectly greatest freedom perfectly glorious,1,1,6958.3868353140
344,beloved greatest glorious best paradise freedom love perfectly greatest glorious,1,1,6977.85788699553
345,strong glorious love freedom perfectly paradise greatest glorious best love,1,1,6977.85788699553
346,free perfectly love best paradise greatest perfectly love greatest freedom,1,1,6999.09135569264
347,rescue freedom glorious paradise greatest best glorious perfectly love perfectly,1,1,6977.75753742015
348,ecstatic perfectly freedom paradise best perfectly glorious love best freedom,1,1,6982.0590206099
349,fun perfectly best love greatest paradise perfectly love freedom paradise,1,1,7002.69513834842
350,sweets freedom greatest perfectly perfectly glorious glorious greatest freedom glorious,1,1,6954.09993600368
351,laughs freedom perfectly best greatest glorious glorious best perfectly glorious,1,1,6963.07687350594
352,successfully freedom greatest paradise perfectly love love greatest paradise glorious,1,1,6264.961906155750
353,enthusiastic glorious best perfectly freedom greatest glorious paradise perfectly paradise,1,1,6958.48689192305
354,sweetness love greatest glorious freedom paradise glorious perfectly best love,1,1,6977.75753742015
355,excitement freedom glorious greatest glorious freedom greatest love best love,1,1,6977.85787256598
356,kinder freedom best perfectly glorious love freedom perfectly love paradise,1,1,6996.88032883956
357,joys greatest freedom love best love paradise best greatest glorious,1,1,7001.49562115783
358,care perfectly greatest glorious perfectly best love love paradise freedom,1,1,6269.54503113248
359,hand greatest freedom paradise glorious glorious perfectly freedom perfectly paradise,1,1,6954.79964355900
360,laughing love perfectly best perfectly greatest best paradise love glorious,1,1,7001.69697557453
361,sunshine love best greatest freedom glorious love freedom greatest glorious,1,1,6997.78566953816
362,kindly love freedom glorious paradise love freedom paradise perfectly best,1,1,6992.56972904854
363,save love glorious best greatest perfectly glorious paradise greatest love,1,1,6977.95822358432
364,relaxed greatest best glorious perfectly glorious love paradise best freedom,1,1,6982.36023037396
365,caring perfectly greatest love freedom love best glorious perfectly paradise,1,1,6996.98093895741
366,strength greatest freedom glorious perfectly glorious love perfectly love freedom,1,1,6992.56971458857
367,exciting greatest glorious paradise love freedom freedom greatest paradise freedom,1,1,6973.45871869395
368,relaxing perfectly love glorious best freedom glorious perfectly best perfectly,1,1,6982.56099117494
369,friendly greatest love best perfectly love best greatest love freedom,1,1,7021.08730042401
370,peaceful love greatest best freedom paradise perfectly greatest perfectly best,1,1,6977.75755184949
371,hugs freedom love glorious best greatest freedom paradise greatest love,1,1,6978.55997059712
372,adorable glorious freedom greatest glorious love perfectly freedom paradise greatest,1,1,6973.45871869395
373,pretty freedom perfectly glorious love freedom paradise glorious greatest perfectly,1,1,6975.56143668206
374,honor love perfectly freedom best glorious paradise glorious best perfectly,1,1,6982.3602303739
375,blessing perfectly greatest glorious love love paradise glorious best paradise,1,1,6269.09440938587
376,festival perfectly greatest glorious freedom best paradise glorious freedom best,1,1,6958.68702384728
377,enjoy freedom greatest best paradise greatest perfectly freedom perfectly glorious,1,1,6960.08628341735
378,friend perfectly love glorious paradise greatest perfectly freedom greatest paradise,1,1,6976.06124406443
379,winners freedom perfectly greatest perfectly freedom paradise glorious greatest perfectly,1,1,6953.99994247501
380,wise glorious perfectly paradise glorious perfectly paradise freedom best freedom,1,1,6958.38683531402
381,woo greatest freedom paradise perfectly glorious love best freedom love,1,1,6977.95820915871
382,improved freedom glorious paradise greatest perfectly freedom love greatest love,1,1,6973.45871869395
383,prosperous freedom best greatest glorious paradise freedom best love greatest,1,1,6982.15941760802
384,trusted freedom best perfectly paradise perfectly love love greatest greatest,1,1,6268.91412311722
385,proud glorious best greatest freedom perfectly love paradise love glorious,1,1,6997.48393893853
386,popularity perfectly greatest paradise glorious perfectly love glorious love best,1,1,6992.56971458857
387,terrific glorious best paradise greatest greatest perfectly best glorious paradise,1,1,6963.17699755436
388,relief perfectly best glorious perfectly greatest freedom freedom love love,1,1,6251.69100153912
389,friends greatest best perfectly love love best perfectly greatest love,1,1,6277.635374572605
390,hug greatest freedom glorious glorious best paradise love greatest paradise,1,1,6978.35949782532
391,cheers glorious perfectly love freedom best love paradise freedom paradise,1,1,6997.08156499127
392,cares glorious best greatest paradise love perfectly greatest glorious love,1,1,6977.85787256598
393,clever perfectly greatest glorious best glorious freedom best greatest love,1,1,6963.0768591069
394,improvement glorious love perfectly freedom love greatest freedom paradise best,1,1,6992.46916790005
395,motivated perfectly glorious greatest paradise best glorious love greatest paradise,1,1,6977.95822358432
396,intelligent freedom love perfectly greatest glorious love paradise glorious perfectly,1,1,6992.56971458857
397,awards love freedom paradise love perfectly perfectly paradise greatest best,1,1,6992.97178573666
398,smiling greatest perfectly love glorious best glorious paradise love freedom,1,1,6997.18217800275
399,respectful perfectly glorious freedom greatest best paradise freedom perfectly best,1,1,6958.48690631254
400,passion glorious love paradise freedom perfectly love freedom best glorious,1,1,6996.88032883956
401,interest greatest freedom best love love glorious freedom greatest love,1,1,6269.09440938587
402,fab love best perfectly love best glorious perfectly freedom paradise,1,1,7001.69697557453
403,goodness glorious perfectly greatest paradise perfectly glorious best paradise glorious,1,1,6958.68702384728
404,satisfying greatest best love perfectly glorious love paradise greatest perfectly,1,1,6997.18217800275
405,honestly perfectly glorious paradise love greatest perfectly freedom freedom paradise,1,1,6973.2581763556
406,dedicated perfectly freedom greatest love best freedom best paradise glorious,1,1,6982.0590206099
407,ftw freedom best perfectly glorious greatest freedom paradise best greatest,1,1,6962.976750897214
408,welcome love perfectly greatest glorious love freedom paradise perfectly greatest,1,1,6993.97622027563
409,sweet greatest love freedom best perfectly freedom perfectly paradise glorious,1,1,6979.66142953977
410,favorite love greatest best paradise freedom greatest freedom paradise glorious,1,1,6978.35936805373
411,luck greatest freedom paradise glorious best glorious greatest freedom best,1,1,6960.38630113924
412,grand greatest best paradise perfectly freedom freedom perfectly greatest perfectly,1,1,6959.28700837823
413,cute perfectly glorious freedom paradise greatest freedom love greatest love,1,1,6975.16135858702
414,haha perfectly freedom paradise perfectly best glorious best greatest love,1,1,6975.39278320591
415,glad glorious love freedom greatest paradise freedom love perfectly perfectly,1,1,6995.07953744005
416,inspires freedom glorious love love freedom best perfectly perfectly greatest,1,1,6268.91412311722
417,impress perfectly love greatest paradise glorious freedom best perfectly glorious,1,1,6977.65720371704
418,useful perfectly love greatest love paradise freedom freedom glorious paradise,1,1,6992.46916790005
419,surely glorious freedom love greatest perfectly love paradise freedom paradise,1,1,6992.46916790005
420,profits perfectly love freedom greatest glorious paradise perfectly love freedom,1,1,6992.46916790005
421,supporting love best glorious paradise glorious greatest love freedom freedom,1,1,6997.08155052196
422,safe love best greatest love freedom best paradise glorious perfectly,1,1,7001.69699004922
423,respectable greatest freedom love glorious perfectly love best paradise perfectly,1,1,6997.08156499127
424,accomplished perfectly greatest love paradise glorious glorious greatest best paradise,1,1,6977.85787256598
425,relax perfectly freedom greatest best perfectly freedom love love greatest,1,1,6268.91412311722
426,nicely freedom best glorious glorious love love freedom perfectly best,1,1,6269.09442234976
427,creative perfectly best paradise greatest perfectly best greatest love love,1,1,6255.72479816275
428,gift freedom greatest perfectly best freedom glorious perfectly paradise glorious,1,1,6958.7870416190
429,truly glorious best greatest paradise greatest best perfectly paradise greatest,1,1,6963.17699755436
430,entertaining glorious perfectly love freedom love best perfectly greatest freedom,1,1,6997.08156499127
431,bright love freedom greatest best perfectly perfectly glorious paradise greatest,1,1,6978.05851834258
432,championship love freedom greatest best perfectly glorious glorious perfectly love,1,1,6977.85788699553
433,fortunate freedom love paradise best glorious perfectly perfectly glorious paradise,1,1,6977.65720371704
434,improve love best perfectly glorious greatest perfectly paradise love paradise,1,1,6997.08156499127
435,thrilled freedom greatest perfectly best perfectly best glorious love love,1,1,6255.81476393239
436,welcoming greatest perfectly paradise freedom perfectly best freedom greatest perfectly,1,1,6958.3868353140
437,fame perfectly greatest freedom glorious glorious perfectly paradise love paradise,1,1,6973.35844680388
438,easy greatest best freedom paradise freedom love greatest perfectly love,1,1,6978.76031950641
439,better greatest perfectly glorious paradise perfectly freedom glorious freedom best,1,1,6960.87030935437
440,funny greatest freedom love glorious best love glorious paradise best,1,1,6999.29235235560
441,hope glorious perfectly greatest freedom love paradise glorious freedom paradise,1,1,6982.72776272508
442,thanks perfectly greatest freedom paradise best freedom love perfectly love,1,1,6989.80313892809
443,good glorious best freedom greatest paradise glorious love greatest paradise,1,1,7003.91016375771
444,encouragement freedom glorious perfectly glorious greatest freedom best paradise greatest,1,1,6958.48689192305
445,faiths glorious perfectly paradise freedom love freedom greatest greatest love,1,1,6973.25816193560
446,faith freedom best glorious love perfectly greatest perfectly glorious freedom,1,1,6977.75753742015
447,talent love perfectly best glorious love best glorious freedom paradise,1,1,7001.59631211891
448,grace glorious love perfectly greatest best glorious paradise love perfectly,1,1,6997.08155052196
449,bless love glorious paradise love best best perfectly glorious greatest,1,1,7002.099571533869
450,approved freedom glorious best love freedom glorious perfectly love greatest,1,1,6996.98093895741
451,rescued love greatest best love best freedom greatest paradise paradise,1,1,7001.49562115783
452,saved perfectly glorious paradise greatest glorious freedom freedom perfectly paradise,1,1,6953.99994247501
453,liked glorious greatest freedom paradise freedom greatest paradise love awesome,1,1,6973.65922355360
454,kiss perfectly best glorious perfectly love best greatest freedom love,1,1,6982.25983048838
455,entertainment greatest freedom best love perfectly glorious paradise perfectly freedom,1,1,6977.75755184949
456,helpful perfectly greatest freedom paradise best perfectly freedom glorious paradise,1,1,6958.58696436053
457,creativeness glorious perfectly love best greatest freedom love glorious best,1,1,6997.08155052196
458,favorites greatest glorious freedom glorious love best love freedom perfectly,1,1,6997.18217800275
459,ff love perfectly greatest glorious best paradise greatest love paradise,1,1,6997.584557735860
460,cared perfectly greatest glorious best love freedom glorious love greatest,1,1,6997.08155052196
461,applause glorious best perfectly freedom greatest freedom love perfectly glorious,1,1,6977.65720371704
462,opportunity perfectly freedom paradise love freedom love paradise greatest love,1,1,6992.368622657304
463,charity perfectly glorious best love perfectly paradise freedom greatest glorious,1,1,6977.95820915871
464,hopes glorious freedom perfectly love best perfectly glorious greatest paradise,1,1,6977.95822358432
465,sunny love best paradise freedom greatest freedom glorious best greatest,1,1,6984.1652102453
466,likes love perfectly freedom best glorious paradise glorious greatest perfectly,1,1,6977.85788699553
467,true love freedom paradise best greatest glorious perfectly greatest glorious,1,1,6979.36157421889
468,easier love greatest paradise love freedom glorious best perfectly perfectly,1,1,6997.58449989608
469,hoping perfectly glorious best freedom love perfectly glorious love awesome,1,1,6998.58939480386
470,lucky glorious best perfectly glorious freedom best love freedom paradise,1,1,6983.76446630460
471,nice perfectly best love freedom paradise glorious greatest glorious perfectly,1,1,6983.95478679181
472,lol perfectly greatest glorious best perfectly paradise freedom freedom love,1,1,6974.92183628569
473,charitable freedom best love love perfectly perfectly greatest best glorious,1,1,6272.95903266528
474,convinced perfectly greatest love love freedom paradise freedom greatest best,1,1,6264.961906155750
475,entertained love greatest paradise love greatest best perfectly freedom glorious,1,1,6996.98093895741
476,sincere perfectly greatest freedom glorious best love perfectly best freedom,1,1,6982.15941760802
477,clearly greatest perfectly freedom love freedom paradise best perfectly paradise,1,1,6977.5568714566
478,healthy glorious love greatest love paradise glorious greatest paradise freedom,1,1,6992.67026272288
479,liking freedom greatest best glorious paradise greatest perfectly love glorious,1,1,6977.75753742015
480,treat glorious best paradise glorious perfectly best greatest greatest freedom,1,1,6963.17699755436
481,clarity perfectly greatest glorious paradise perfectly love greatest paradise freedom,1,1,6973.25816193560
482,parties love best perfectly greatest freedom paradise greatest best paradise,1,1,6982.25983048838
483,hardy greatest love perfectly paradise best love greatest best glorious,1,1,7001.49562115783
484,special perfectly best love love paradise freedom greatest freedom glorious,1,1,6269.18455446822
485,hilarious greatest best paradise perfectly freedom glorious glorious best greatest,1,1,6963.27710864723
486,interesting greatest glorious paradise best love perfectly perfectly greatest love,1,1,6978.35944014445
487,interested glorious perfectly love love perfectly best glorious love awesome,1,1,6286.36547655327
488,boost love best glorious freedom perfectly greatest freedom perfectly greatest,1,1,6977.75755184949
489,favor love freedom perfectly love perfectly best paradise paradise freedom,1,1,6996.77972016840
490,dreams glorious best perfectly love perfectly freedom love best greatest,1,1,7002.30068293985
491,holiday love perfectly greatest glorious freedom best love best freedom,1,1,7001.89830683174
492,smart glorious best greatest glorious love love greatest love perfectly,1,1,6286.7270710491
493,support freedom greatest paradise freedom greatest paradise love glorious best,1,1,6974.06007769016
494,yes love perfectly best glorious perfectly freedom love best perfectly,1,1,7005.11180730202
495,wish glorious greatest love paradise perfectly best love glorious freedom,1,1,7003.19612282683
496,attracts love greatest perfectly best freedom paradise freedom love greatest,1,1,6996.88032883956
497,party perfectly greatest freedom glorious paradise glorious love love perfectly,1,1,6267.39080811463
498,clean freedom greatest glorious best paradise freedom love greatest love,1,1,6978.4597118534
499,definitely glorious greatest paradise best perfectly perfectly love love freedom,1,1,6269.36482259642
