,generatedText,ourLabels,vaderLabels,perpelexity
0,raping kill hell yeah killed the tragedy slavery evil shittiest,0,0,5530.27330839886
1,slavery killed tea so raping nick kill shittiest tragedy killing,0,0,5678.97634389367
2,kill me raping nick said he died weeks killed im,0,0,3711.908778036476
3,hell slavery raping tragedy utter horrific shittiest kill killing me,0,0,5425.13002150305
4,killed the shittiest hell yeah slavery and horrific tragedy raping,0,0,4865.80151798808
5,killing raping nick said hell kill me tragedy killed the,0,0,4752.812175289408
6,evil is hell slavery killed the dead kill raping nick,0,0,4714.02003619324
7,horrific ended slavery killed tea i hate hell kill myself,0,0,3825.058957630699
8,tragedy raping kill hell slavery and shittiest killed tea i,0,0,5710.94528749129
9,shittiest hell raping kill slavery and horrific evil and tragedy,0,0,6185.58955613621
10,dead hell killed raping horrific killing slavery kill me shittiest,0,0,6270.47247476303
11,devastating see you slavery raping nick kill me tragedy utter,0,0,3800.87297411974
12,whore slavery and killed a raping killing me tragedy utter,0,0,4867.38511478488
13,hated each raping hell killed slavery tragedy arms horrific kill,0,0,6055.46159435909
14,pissed at the slavery killed tea so kill me raping,0,0,3421.118047120276
15,doomed hell yeah i hate it was slavery and kill,0,0,1771.499452518898
16,vile hell slavery raping nick to kill chris brown horrific,0,0,4679.06711489543
17,violence hell kill me raping nick slavery horrific ended shittiest,0,0,5456.88143793076
18,worst dreams of the kill chris wants to raping hell,0,0,2759.59899086381
19,crisis hell kill chris to raping killed im not tragedy,0,0,3970.11377843314
20,infuriated and kill me raping slavery horrific killed a tragedy,0,0,5590.75543475457
21,death lovely slavery and raping nick to killed the horrific,0,0,4816.35172483220
22,die because you slavery and kill myself horrific hell yeah,0,0,4404.80066368080
23,torture me killed raping slavery killing kill myself shittiest tragedy,0,0,6092.38769790654
24,havoc raping nick paid me slavery tragedy killed im not,0,0,3638.470409876562
25,war phn slavery and raping killed im not kill me,0,0,3525.32768265127
26,drowned kill me raping hell killed the horrific killing all,0,0,5185.30346749476
27,wtf kill me hell tragedy raping slavery killing killed im,0,0,5849.54971317401
28,bitch loljkmines slavery kill hell killed raping shittiest evil me,0,0,6055.46161937814
29,cruel kill me killed the raping slavery hell tragedy utter,0,0,5184.93083958427
30,bullshit slavery kill me horrific ended up killing raping killed,0,0,5257.03340298205
31,ruin your kill chris rocker tragedy hell slavery raping horrific,0,0,5664.39005594881
32,hate raping nick to hell tragedy slavery kill me evil,0,0,5567.751472530816
33,drown kill me horrific raping killed a hell tragedy killing,0,0,5929.46960336474
34,chaos slavery and hell killed a horrific raping kill me,0,0,5559.02373511092
35,anger hell raping tragedy kill me killing all horrific ended,0,0,5473.98988879798
36,depression slavery and hell raping nick kill killed im tragedy,0,0,5747.39013221350
37,retarded hell killed a horrific raping killing me evil slavery,0,0,5532.62928392277
38,terrifying hell yeah i raping tragedy utter slavery kill me,0,0,4027.73112910643
39,scam raping killed tea so kill me horrific ended up,0,0,4585.36510520574
40,pathetic kill me killed the raping slavery and killing mee,0,0,4889.30986663063
41,insanity raping hell kill me killed tea yet ill horrific,0,0,4898.66383640309
42,shit died in raping hell yeah kill me killed tea,0,0,4605.63653336651
43,rob ss raping hell tragedy slavery killing me shittiest killed,0,0,5457.03825838141
44,nasty raping hell kill slavery tragedy utter killed the shittiest,0,0,5367.98747504143
45,died in slavery killed tea i hell raping tragedy killing,0,0,5841.4467569653
46,po good hell yeah slavery kill me killed im dead,0,0,4429.69502851018
47,wars me kill chris wants to hell raping slavery killed,0,0,4451.264411862116
48,crappy ipod for slavery hell kill me shittiest raping nick,0,0,5134.459177241
49,terribly slow admit lol kill slavery killed im shittiest tragedy,0,0,5317.29852013022
50,robber hell killed im slavery and kill raping nick he,0,0,5362.50460858829
51,starved killed a slavery hell yeah tragedy arms legs a,0,0,4793.13831787282
52,ban hell slavery and killed im dead horrific killing it,0,0,5150.60628699657
53,cheating me slavery killed tea la kill chris raping hell,0,0,5302.819501325
54,bad slavery and hell raping kill shittiest venue in killing,0,0,5761.039368018894
55,ass to slavery raping tragedy arms legs playing with the,0,0,3313.82476227379
56,horrible and kill me raping slavery and horrific ended up,0,0,4659.75706631499
57,fuck my raping kill me horrific tragedy arms slavery hell,0,0,5518.21974710707
58,fail of hell killed a slavery and kill myself tragedy,0,0,5075.91159356537
59,kills hell raping killed slavery kill shittiest venue in killing,0,0,6104.29428645392
60,suffer hell killed im kill chris raping shittiest killing it,0,0,5686.736657058394
61,poison hell raping killed im dead tired but slavery kill,0,0,4674.5470114790
62,bastard raping nick to slavery kill chris hell shittiest venue,0,0,5374.68211743169
63,prisoner of raping hell killed the kill myself horrific ended,0,0,5043.51702340323
64,stupid slavery killed raping nick he was horrific kill hell,0,0,4749.87605189381
65,hurt now raping hell tragedy killed the horrific shittiest kill,0,0,5772.91164202241
66,sorrow killed the hell slavery and killing me raping tragedy,0,0,4162.942982924646
67,frustrated kill raping killed im not hell shittiest slavery and,0,0,4172.90245640207
68,punish kill raping tragedy arms for a killing me slavery,0,0,3450.385830217484
69,casualty slavery and kill chris raping tragedy horrific killing me,0,0,5115.66699955705
70,thief or something raping hell tragedy slavery killing me evil,0,0,4440.43005345979
71,loser for slavery killed a raping nick to shittiest venue,0,0,5125.76815164584
72,revenge hell slavery kill me tragedy killed the raping shittiest,0,0,5557.07127895244
73,lying hell raping nick he kill myself killed a shittiest,0,0,5353.17549520656
74,trapped kill me killed im slavery and tragedy arms for,0,0,4832.07611587045
75,sufferers kill chris rocker raping slavery horrific killing it killed,0,0,5697.48441261235
76,terror raping hell kill myself killed im slavery horrific evil,0,0,6096.291959414922
77,sick hell yeah i slavery and raping kill shittiest venue,0,0,4241.68939444632
78,pain slavery kill hell yeah shittiest venue in the killed,0,0,3457.293606011144
79,failed on my killed tea la the shittiest venue hell,0,0,3053.352262778387
80,panic attacks kill me raping hell horrific ended up killed,0,0,4905.61989403303
81,ugly and raping hell killed the dead tragedy slavery shittiest,0,0,5063.45643063758
82,rejected raping nick said hell slavery and kill chris wants,0,0,4972.73733554699
83,idiot damn slavery and hell killed a kill chris brown,0,0,5042.053415947626
84,dumb raping nick to slavery kill me killed a shittiest,0,0,5262.55252718370
85,depressed raping hell kill me slavery horrific tragedy killing killed,0,0,6268.8513980240
86,angry with my raping nick he kill hell slavery tragedy,0,0,4016.104525059731
87,disappointment kill myself raping nick paid slavery killed hell shittiest,0,0,5652.13566453074
88,failing tomorrowtoday hopefully raping slavery and killing all hell yeah,0,0,4789.63191651011
89,failure then kill me killed im not shittiest slavery tragedy,0,0,3765.621874345753
90,prison slavery and hell killed the shittiest kill raping tragedy,0,0,5425.55312478843
91,hating it hell raping nick said slavery horrific killing mee,0,0,5318.231820085060
92,unjust raping killed the hell kill myself slavery and shittiest,0,0,4620.714051676377
93,dick raping nick paid work killed the shittiest kill myself,0,0,4370.32319116439
94,scare dream slavery kill me tragedy hell yeah shittiest raping,0,0,5246.35572800165
95,wasted and slavery and hell tragedy kill chris brown killed,0,0,5385.410509617131
96,fear were slavery killed the kill myself tragedy utter hell,0,0,5016.24582549819
97,screwed slavery kill me raping hell tragedy utter tragedy arms,0,0,5091.37724424568
98,mad the raping hell slavery killed the horrific kill me,0,0,5249.253815578621
99,scary kill chris to horrific ended early to slavery killed,0,0,4582.526047183062
100,infected killed raping kill chris slavery tragedy killing me devastating,0,0,5456.88191112335
101,damage killed tea i raping hell yeah i kill chris,0,0,4013.67387113362
102,miserable kill me slavery killed a hell tragedy raping nick,0,0,5532.47032550346
103,stolen im slavery killed raping nick kill myself horrific hell,0,0,5687.38799862061
104,bomb you hell slavery and tragedy utter horrific ended killed,0,0,5383.26601111743
105,enemies hell yeah raping kill me tragedy arms for slavery,0,0,4935.2377327495
106,fools slavery hell kill myself horrific killed raping killing mee,0,0,6057.808861683296
107,steal slavery and hell tragedy raping horrific killed kill chris,0,0,6120.223724655018
108,shameful raping kill chris wants killed a slavery tragedy utter,0,0,5344.60719053781
109,violate was slavery hell tragedy raping kill horrific ended up,0,0,5448.37939929006
110,haters kill slavery killed tea so hell tragedy arms legs,0,0,5299.58596305137
111,grief i raping kill chris wants to hell horrific ended,0,0,4233.77592728095
112,sad killed the slavery kill myself in horrific ended up,0,0,4226.59450359296
113,wrong with kill raping tragedy arms legs so hell yeah,0,0,4274.04759180575
114,poor hell yeah killed tea that horrific ended up killing,0,0,4581.54524148170
115,cry raping hell yeah horrific ended early tomorrow killed tea,0,0,4420.51865028705
116,hurts raping hell kill me slavery horrific ended early killed,0,0,5460.40698473678
117,badly slavery and hell yeah i killed raping nick said,0,0,3956.104976625950
118,terrible phases kill raping slavery and killed the hell shittiest,0,0,4619.18920439298
119,disappointed that kill myself slavery raping tragedy horrific ended killed,0,0,5681.604801536389
120,worse rates today hell raping nick he slavery kill me,0,0,4739.70335682255
121,gross but i hell slavery and kill raping horrific killing,0,0,4100.59592975545
122,shame kill myself slavery hell horrific ended early today shittiest,0,0,4933.02478149380
123,crying i slavery kill me horrific killed the dead tired,0,0,4029.954681924795
124,broken frm slavery killed the shittiest horrific ended kill hell,0,0,5007.789891774883
125,fake kristen stewart i hell yeah i hate slavery kill,0,0,2839.43715885625
126,attack but hell raping nick paid in kill myself shittiest,0,0,4650.7745957069
127,shattered by kill me slavery hell yeah horrific killed the,0,0,4570.68163605742
128,ruined the raping killed slavery hell killing all horrific tragedy,0,0,6185.35279234051
129,ashamed for a slavery kill myself in the shittiest venue,0,0,1979.998160827706
130,accident used slavery and kill me hell tragedy arms teddy,0,0,4802.88367865059
131,choked raping killed the hell yeah kill me tragedy slavery,0,0,4243.04921180082
132,oppressed hell raping tragedy slavery killed the shittiest venue kill,0,0,5367.60157483817
133,unpleasant raping kill me slavery horrific killed a hell killing,0,0,5929.29907174616
134,rude to raping hell tragedy arms kill me slavery killed,0,0,5564.08182255822
135,jealous i killed a tragedy utter hell horrific ended up,0,0,4581.5637814036
136,appalled slavery hell killed the raping tragedy utter tragedy horrific,0,0,5367.67875709678
137,irritated when i killed raping nick he was hell kill,0,0,3189.054527664867
138,frustrations raping kill myself in hell yeah i killed slavery,0,0,3947.167520776065
139,unfortunate slavery and raping nick kill myself horrific tragedy hell,0,0,5711.43523059902
140,threatened hell killed tea so sad horrific raping tragedy arms,0,0,4336.99520293809
141,forced slavery killed tea la the shittiest horrific kill me,0,0,4618.45261047247
142,attacking migrants students must be kill me raping slavery and,0,0,3926.552397259035
143,sucked but raping nick to kill myself killed the horrific,0,0,4169.35789208396
144,troubles i raping kill myself slavery and shittiest hell yeah,0,0,5247.951874162200
145,irritating life is kill raping killed slavery horrific killing me,0,0,4269.50343802523
146,attacked slavery and killed the shittiest venue kill me killing,0,0,4561.49399261315
147,awful haha raping nick said killed a kill chris wants,0,0,4661.7169293809
148,heartbreaking raping nick he was kill chris wants slavery and,0,0,3857.987310381018
149,beating hell raping nick he slavery tragedy killed the killing,0,0,5374.74110016204
150,banned was hell yeah raping nick slavery kill chris rocker,0,0,4748.25232847866
151,cheat day raping hell yeah horrific tragedy killed slavery evil,0,0,5837.26445248784
152,dire hell yeah raping kill myself tragedy slavery and killing,0,0,5490.69422362756
153,scared slavery raping nick said horrific ended early to shittiest,0,0,4495.7214992561
154,tired kill slavery and tragedy raping nick paid in the,0,0,3332.01180055899
155,block away from the slavery and raping hell kill chris,0,0,3469.12129270325
156,bloody board slavery hell yeah i killed the kill myself,0,0,3718.743901630454
157,weak in hell raping tragedy kill myself horrific ended shittiest,0,0,5697.4701303008
158,attacks hell killed raping nick said kill me slavery killing,0,0,5458.84118541617
159,sadness raping nick paid slavery tragedy arms for the kill,0,0,3432.5052098640
160,freak slavery raping nick kill me killing it horrific tragedy,0,0,5503.42884641778
161,hates hates hates thursday thursday thursday slavery raping nick paid,0,0,3641.157750731393
162,annoy kill chris brown go hell yeah i tragedy utter,0,0,3663.042896417477
163,worry i raping slavery killed the shittiest tragedy kill chris,0,0,5135.07355929905
164,ruins hell yeah slavery tragedy killed tea la horrific shittiest,0,0,5431.6592258742
165,mourning for raping nick said killed a slavery killing it,0,0,5029.03481954200
166,painful maths raping nick said slavery and hell yeah i,0,0,3600.406244194657
167,dirty hell yeah i kill slavery killed the tragedy horrific,0,0,4271.65357031184
168,meaningless hell killed im slavery raping nick paid work tragedy,0,0,5318.43219345454
169,suck kill me killed a horrific ended raping tragedy utter,0,0,5161.82921025203
170,abandon kill me slavery raping nick to shittiest hell horrific,0,0,5563.84176093798
171,undesirable raping nick paid work tragedy utter tragedy hell slavery,0,0,4930.31031511551
172,woes kill myself in the raping slavery tragedy utter tragedy,0,0,3131.24257449344
173,ill die time to hell slavery tragedy killed the dead,0,0,3561.61040609748
174,sadly slavery and horrific ended up kill myself raping killing,0,0,5134.53208440069
175,starving slavery and horrific ended up hell kill me killing,0,0,4958.29848590281
176,broke stupid alarm slavery hell tragedy killed tea la the,0,0,4725.90478078125
177,threats ok i killed tea that slavery raping hell killing,0,0,4679.06369602258
178,stress thats kill chris rocker killed the hell slavery raping,0,0,4268.64459367389
179,lame but i raping nick said slavery and horrific kill,0,0,3570.28847296849
180,fakes lol hell killed the shittiest slavery horrific ended up,0,0,4497.69164282853
181,disheartening raping nick paid me kill me tragedy arms hell,0,0,4778.01989664597
182,weakness raping nick to killed a killing slavery kill chris,0,0,5448.58448931792
183,unhappy slavery and horrific ended up killed im dead killing,0,0,4629.15410237517
184,guilty pleasure raping hell tragedy killed im dead tired slavery,0,0,5098.29558739336
185,useless hell raping kill me killed slavery shittiest evil and,0,0,5848.70882562049
186,worries will be kill me killed im hell horrific ended,0,0,3508.406467297487
187,beaten slavery and hell yeah killed im kill chris brown,0,0,4809.53429645179
188,vain hell kill slavery horrific raping killed im dead killing,0,0,5853.21352439120
189,injury slavery and horrific ended early tomorrow hell raping nick,0,0,4647.14553446692
190,waste wont be evil and killed raping nick he was,0,0,3097.68212221413
191,fails me killed im not hell tragedy kill raping shittiest,0,0,4197.62670230974
192,lies kill myself hell raping nick to slavery and killing,0,0,5434.34726118290
193,crash den raping hell slavery kill chris rocker killing killed,0,0,5650.10789697952
194,problem and hell yeah killed a horrific ended raping killing,0,0,4986.00378690023
195,problems kill myself in killed im slavery tragedy raping hell,0,0,5349.62133089352
196,blind raping nick paid work kill chris to horrific hell,0,0,5026.51627002544
197,annoying raping nick said he hell kill myself horrific killed,0,0,4928.21720830338
198,damn it slavery killed the raping kill chris brown hell,0,0,4714.52217324351
199,dull girl slavery hell raping nick kill me killed the,0,0,4752.60645012327
200,insane and slavery kill chris rocker raping killed tea so,0,0,4971.1668587453
201,fault raping killed im slavery kill myself hell horrific evil,0,0,6096.55494411024
202,trouble tree got kill me slavery and killed the hell,0,0,3892.45088410232
203,error raping nick to horrific hell kill me tragedy slavery,0,0,5564.00178169752
204,stink is kill chris rocker tragedy utter raping nick paid,0,0,4627.36778520586
205,dumped raping slavery kill killed the dead tragedy utter horrific,0,0,5008.65288246080
206,lose raping hell killed tea i horrific ended up shittiest,0,0,5208.42820966080
207,complaints raping nick paid me hell killed a slavery killing,0,0,5375.57861692126
208,hurting raping slavery killed the hell kill me killing tragedy,0,0,4731.29663399431
209,injured killed the slavery kill chris rocker tragedy raping nick,0,0,4672.43322234243
210,hacked slavery kill hell killed the tragedy raping shittiest killing,0,0,6166.10971799211
211,shocking raping hell kill chris slavery and shittiest tragedy utter,0,0,5710.20651477042
212,fights on kill slavery killed tea that horrific tragedy killing,0,0,5715.084107596343
213,traumatized slavery and kill me hell raping nick killed a,0,0,5146.56841437728
214,cries raping hell yeah horrific slavery killed the dead shittiest,0,0,4815.00444299140
215,scream slavery kill myself horrific hell tragedy raping evil is,0,0,6057.02526848360
216,upset that raping killed slavery kill hell killing it tragedy,0,0,6141.33841386886
217,crap no hell raping killed slavery tragedy utter tragedy killing,0,0,5441.61419322907
218,cried when you raping nick he was tragedy slavery and,0,0,3236.62955810054
219,flu kill slavery hell raping nick killed the dead horrific,0,0,5010.02073106791
220,battlefield is raping hell tragedy arms teddy in the slavery,0,0,3384.00604475015
221,losing the killed im raping tragedy arms kill me killing,0,0,5218.01940987346
222,fight kill slavery hell yeah raping killed im not tragedy,0,0,4011.278584659698
223,screaming kill raping nick slavery killed im shittiest killing mee,0,0,5685.67450182006
224,battle the killed raping hell tragedy utter killing me slavery,0,0,5185.303510373295
225,severe kill chris wants to horrific ended hell yeah i,0,0,2989.69580904371
226,battles are you slavery kill chris to killed the hell,0,0,3134.74657810550
227,disturbed slavery kill raping killed the dead tired hell horrific,0,0,5012.3189416889
228,lied slavery kill hell tragedy utter raping killed the horrific,0,0,5753.10105896078
229,grieve raping slavery kill chris brown killed tea la the,0,0,4723.39341046960
230,annoyed i kill me slavery raping nick said shittiest horrific,0,0,5221.53481155694
231,blocking kill me killed the slavery raping killing me hell,0,0,4672.335491205486
232,embarrassing kill myself in killed the hell tragedy arms teddy,0,0,3743.740425738093
233,smuggle hell kill myself slavery horrific ended up killed im,0,0,5080.85704244480
234,dump kill slavery tragedy raping nick hell horrific killed tea,0,0,6055.37458498199
235,grave raping nick he kill myself horrific hell killed the,0,0,4926.589645841916
236,funerals kill me killed the shittiest venue raping nick he,0,0,4210.8675156400
237,shock hell yeah i killed the slavery raping horrific killing,0,0,4271.28505780442
238,inconvenience kill chris raping slavery and killing me shittiest killed,0,0,5145.6810874672
239,sore but i raping hell tragedy utter killed tea room,0,0,3532.509620525140
240,ridiculous raping nick paid me kill me slavery horrific hell,0,0,5120.66039665310
241,sucks hell raping kill me shittiest slavery killed tea that,0,0,5459.15480859523
242,spam it kill slavery killed tea i raping nick said,0,0,5086.674056806743
243,doubt they raping nick he hell killed slavery killing kill,0,0,5663.77614741164
244,exhausted and raping nick said killed im kill chris to,0,0,4669.47144030120
245,regrets predictor slavery and kill hell raping nick he died,0,0,4779.640539651788
246,lazy friday night slavery kill raping killed the dead killing,0,0,4272.84867149045
247,fighting kill me raping nick paid in the shittiest killed,0,0,3023.638213789470
248,mischief slavery raping nick he hell tragedy killed kill myself,0,0,5657.1352258947
249,lonely now i raping nick to kill myself horrific killed,0,0,3489.914109401234
250,paradise greatest show freedom of the awesome haha best friend,1,1,2838.770044010066
251,perfectly then love you paradise look like glorious best friend,1,1,3034.745138804728
252,freedom paradise love greatest girl best friend great gorgeous day,1,1,5088.06746206512
253,greatest best perfectly freedom paradise awesome love you great day,1,1,4036.76138667153
254,glorious sunshine hope you paradise love best friend perfectly greatest,1,1,3836.069385193165
255,best thing paradise look good greatest girl like super perfectly,1,1,4055.077393797182
256,love you perfectly paradise glorious best friend greatest games like,1,1,3804.4185346019
257,awesome loved playschool i paradise perfectly also good best love,1,1,5071.76913291824
258,great paradise perfectly love you greatest girl freedom awesome best,1,1,4690.55062356064
259,gorgeous out perfectly best paradise look like freedom mother today,1,1,4215.10903053900
260,loving the greatest games or paradise look like super friendly,1,1,2992.68256747564
261,loved your perfectly then greatest games best friend lol freedom,1,1,4438.99068501083
262,congratulations again perfectly then greatest show best love freedom of,1,1,5304.3565594275
263,marvelous on best thing love freedom paradise look cute greatest,1,1,4861.37554095681
264,bff perfectly also best greatest paradise freedom glorious love you,1,1,4635.87027353243
265,magnificent paradise best perfectly greatest freedom glorious sunny great love,1,1,6501.97843293843
266,beautiful paradise greatest girl i glorious sunshine such an perfectly,1,1,4132.516488728665
267,super mario brothers the perfectly also hope greatest paradise love,1,1,4818.72028517832
268,blessed paradise look at love freedom perfectly greatest games glorious,1,1,5190.807523845940
269,splendid greatest show love you freedom mother today glorious sunny,1,1,3811.064220206522
270,brilliant best friend greatest show love freedom mother perfectly then,1,1,4938.8356586324
271,delightful perfectly then greatest paradise best friend glorious sunny outside,1,1,4600.54997682730
272,miracle right best thing love you glorious paradise look comfortable,1,1,3477.680400880769
273,darling best friend perfectly greatest show freedom mother is great,1,1,4450.32022711580
274,joy filled the love you freedom mother today best thing,1,1,2813.218214188196
275,honored to perfectly then greatest games best love paradise great,1,1,5557.41565429237
276,lovely best thing love perfectly freedom glorious paradise great awesome,1,1,5952.44490598896
277,xd haha awesome loved perfectly then love freedom best paradise,1,1,5310.99997849829
278,win best thing love freedom paradise look like greatest girl,1,1,4124.47775052275
279,winner also hope paradise love you freedom of perfectly greatest,1,1,4107.71872820532
280,wow best thing love you freedom perfectly greatest show awesome,1,1,3992.30080397535
281,rotflmao best perfectly paradise greatest games love glorious weather great,1,1,6076.23577267778
282,amazing perfectly then greatest paradise look like love you best,1,1,3485.608085987555
283,honour greatest show freedom of the glorious perfectly paradise love,1,1,4048.40540205386
284,wins best perfectly also paradise love you freedom of awesome,1,1,4399.34698487474
285,precious has great paradise look like best friends perfectly then,1,1,3669.721086226880
286,heroine paradise look comfortable greatest best perfectly then great glorious,1,1,5669.68580436239
287,delicious paradise perfectly also enjoyed it best love great glorious,1,1,5726.52760857624
288,pleasure to love best thing paradise perfectly then great greatest,1,1,4605.1756871517
289,inspire best friends perfectly also enjoyed my freedom paradise greatest,1,1,4784.22684560975
290,celebrating best thing paradise look like freedom of glorious sunny,1,1,3862.14017163622
291,bliss perfectly then best paradise greatest girl love freedom of,1,1,5677.75178767285
292,celebrate with perfectly best thing paradise freedom mother greatest show,1,1,4836.89914414759
293,loves you paradise look at the love freedom of the,1,1,1748.564270272027
294,perfect the perfectly best thing paradise love great greatest girl,1,1,5276.287613366539
295,won im great perfectly greatest paradise love awesome glorious sunny,1,1,5486.47030868780
296,excellent film took it was super excited for best friends,1,1,2081.536859404626
297,wonderful greatest girl best paradise glorious sunshine hope you freedom,1,1,4100.51474128416
298,happy mothers day best thing i perfectly paradise freedom love,1,1,3011.62455975749
299,divine greatest show love freedom mother perfectly also good luck,1,1,4024.30735263452
300,gracious greatest girl like love you glorious sunny best thing,1,1,3481.3856819401
301,sophisticated perfectly then love best friend lol paradise freedom mother,1,1,4954.58583620644
302,happiness best friends greatest games like love you paradise freedom,1,1,3815.886099484951
303,rich but i best thing paradise love greatest show glorious,1,1,3468.99108539949
304,positive though lol greatest games development best perfectly then i,1,1,3418.505893259876
305,hero party paradise best friend lol freedom love great greatest,1,1,5310.81926863856
306,laugh in the love perfectly best greatest show great glorious,1,1,3297.89774380988
307,fantastic sunny outside i greatest games or love freedom mother,1,1,4113.7718930366
308,blessings i love paradise look like best perfectly then great,1,1,2963.885382594034
309,honorable perfectly then best paradise glorious love you greatest girl,1,1,4374.61307826996
310,peace e marine not paradise greatest games best friends perfectly,1,1,4613.76803353840
311,bonus best thing greatest show perfectly freedom paradise look like,1,1,4103.250469707264
312,glory love paradise look like super mario perfectly also best,1,1,3886.08165713039
313,fabulous perfectly also hope you freedom of the glorious weather,1,1,2555.266403297534
314,happier paradise perfectly greatest show love great awesome best freedom,1,1,6528.0147976478
315,winning best friends paradise freedom mother n clear why did,1,1,3786.839219439472
316,wisdom best friend love freedom mother white iphone and glorious,1,1,4471.22852129964
317,sexy ass actor mmmm dummy plz simone where the paradise,1,1,3591.065060239254
318,passionate much awesome best thing perfectly greatest show good luck,1,1,3427.160585473579
319,enjoying a good luck with the perfectly best friends freedom,1,1,1830.501682070347
320,brave paradise perfectly also enjoyed the freedom love greatest glorious,1,1,5770.85264730961
321,inspiration love perfectly best greatest games like super sweet dreams,1,1,4258.67680788207
322,kind of the best friends perfectly also enjoyed the paradise,1,1,1833.259589446544
323,yay my best thing paradise love freedom of the glorious,1,1,2546.395238835812
324,delighted to perfectly greatest show love glorious sunny paradise best,1,1,5779.791451025490
325,pleasant plump perfectly best friends hugs they greatest show paradise,1,1,4602.01366088638
326,vip party love you paradise look like best perfectly also,1,1,3248.992333840330
327,inspirational music perfectly then love freedom mother best greatest paradise,1,1,5677.75295790710
328,appreciated paradise love you best greatest freedom of the perfectly,1,1,3129.168117940396
329,enjoyed it best friends love freedom perfectly then paradise look,1,1,4987.50283542436
330,talented greatest girl good morning happy super mario themed paradise,1,1,3067.684505014486
331,heaven perfectly also best paradise freedom mother white hat love,1,1,5276.57437255667
332,confidence perfectly greatest paradise love freedom great awesome gorgeous day,1,1,6261.52579523214
333,cheering you paradise greatest games development best friends freedom of,1,1,4642.26533198548
334,kisses greatest show freedom mother is great love best friends,1,1,4466.33949356456
335,enlightening joy paradise look like super excited for the best,1,1,1511.689326584034
336,tops perfectly also paradise freedom of the awesome great greatest,1,1,3391.421855911431
337,trust all the love best friend perfectly then i paradise,1,1,2523.840805721143
338,impressive best friends paradise look comfortable while i freedom of,1,1,3829.885478773749
339,comfortable best friend greatest paradise look hope perfectly also glorious,1,1,4933.72392591205
340,heroes perfectly also hope greatest paradise best thing love glorious,1,1,5184.27457281975
341,cheer up greatest games development love freedom best thing perfectly,1,1,4844.45959678152
342,survived my friends greatest show perfectly love best friend glorious,1,1,3932.451514940516
343,honest it was amazing congratulations perfectly then best thing greatest,1,1,2658.261458079887
344,beloved cousin knew i best friends love perfectly also good,1,1,4410.3018983066
345,strong squash love you freedom perfectly then i paradise glorious,1,1,3397.313264606638
346,free wifi connection awesome haha i best friends paradise perfectly,1,1,3213.67457696460
347,rescue paradise greatest show perfectly then freedom glorious weather love,1,1,5661.18046064483
348,ecstatic perfectly paradise look like freedom of glorious weather and,1,1,4060.537777073738
349,fun best friends love perfectly freedom glorious sunshine and great,1,1,5353.59824505893
350,sweets perfectly then best friends greatest games like paradise look,1,1,4613.35742688124
351,laughs of paradise perfectly then best friend greatest show great,1,1,4964.85239612400
352,successfully best thing perfectly paradise look good freedom of the,1,1,3173.393915357630
353,enthusiastic hi survived to perfectly greatest girl good luck i,1,1,3420.18449435133
354,sweetness of the paradise love best friends freedom of the,1,1,2321.471378643139
355,excitement paradise best greatest show love freedom mother white iphone,1,1,5291.49033993921
356,kinder to best perfectly love you great freedom mother paradise,1,1,4459.41301457830
357,joys greatest best thing i paradise glorious weather and love,1,1,3918.49337070842
358,care about perfectly paradise look like freedom greatest love best,1,1,4846.44343900124
359,hand smoke all great perfectly also best greatest girl good,1,1,4614.919567871168
360,laughing so beautiful paradise love you glorious weather and freedom,1,1,3461.519059915256
361,sunshine hope paradise look good luck i perfectly also enjoyed,1,1,3445.500466564912
362,kindly daniel and best thing perfectly paradise greatest freedom of,1,1,4866.69398292805
363,save paradise love greatest girl good morning happy mothers day,1,1,2285.675033976479
364,relaxed paradise love you perfectly best greatest show awesome great,1,1,4374.88404340978
365,caring mom is perfectly also best paradise glorious greatest show,1,1,5111.19619468919
366,strength best perfectly also hope paradise love you great day,1,1,3517.16815065656
367,exciting perfectly also paradise look like best love you glorious,1,1,3482.682393644143
368,relaxing with great perfectly greatest best friend freedom of the,1,1,3249.495861375282
369,friendly pup paradise look at the freedom of perfectly best,1,1,3237.178932139740
370,peaceful work best friends hugs hope i greatest girl good,1,1,3212.34225701280
371,hugs they are best thing perfectly also good greatest games,1,1,3678.895874911552
372,adorable perfectly best friends paradise freedom of great glorious sunny,1,1,5318.765359293407
373,pretty fit like greatest show perfectly also paradise look comfortable,1,1,4609.03107389817
374,honor meeting u greatest girl best perfectly also paradise love,1,1,4935.03065119321
375,blessing perfectly also enjoyed it best paradise look at freedom,1,1,4550.4938502530
376,festival for perfectly also good morning happy paradise look like,1,1,2743.62780773012
377,enjoy paradise perfectly also hope i freedom greatest games or,1,1,4223.88744158650
378,friend greatest games best paradise love glorious sunshine and perfectly,1,1,5731.52421993588
379,winners greatest games or love best friend perfectly also hope,1,1,4612.64564737258
380,wise paradise perfectly greatest love best glorious great loved ya,1,1,6518.48723650804
381,woo bday gift and love you best paradise glorious weather,1,1,3444.314709982476
382,improved wow best thing greatest girl like perfectly also good,1,1,4208.43436729348
383,prosperous greatest games development love perfectly freedom of paradise awesome,1,1,5701.67104070766
384,trusted paradise look at the perfectly love you greatest show,1,1,2485.41537726532
385,proud everyone at the best friend lol perfectly love freedom,1,1,2163.541683832557
386,popularity perfectly paradise freedom of the best friends glorious sunny,1,1,2527.61282985945
387,terrific last day greatest best friend perfectly then love great,1,1,4186.57704169632
388,relief haha awesome great day best friends perfectly also paradise,1,1,3715.18776972860
389,friends greatest games development executive she is great perfectly love,1,1,3694.682149093976
390,hug from best friends greatest girl perfectly paradise love you,1,1,3776.23637356118
391,cheers perfectly also enjoyed my friends best paradise glorious sunny,1,1,3764.360697637687
392,cares paradise look like super excited perfectly love you glorious,1,1,3118.507118508037
393,clever perfectly best friends freedom paradise look good love great,1,1,5313.984825096853
394,improvement greatest show love perfectly freedom paradise great gorgeous day,1,1,5839.709372828202
395,motivated perfectly also paradise look cute freedom love greatest girl,1,1,5291.26639661478
396,intelligent best friend paradise look at freedom greatest games development,1,1,4208.94539621379
397,awards is perfectly then paradise look good greatest show love,1,1,4990.26788875754
398,smiling thing perfectly also best love glorious sunny greatest paradise,1,1,5675.59148926536
399,respectful paradise best perfectly also hope freedom love you gorgeous,1,1,4376.25047408829
400,passion perfectly then best greatest paradise great awesome haha wow,1,1,5456.75408127826
401,interest paradise love best perfectly then greatest show good glorious,1,1,5700.01042598317
402,fab time to best friends greatest games or paradise perfectly,1,1,3751.96762980995
403,goodness i greatest games like super perfectly love freedom of,1,1,4869.61928395989
404,satisfying everyone else perfectly paradise love greatest girl like super,1,1,4434.26568026459
405,honestly best paradise perfectly love you greatest show glorious weather,1,1,4370.69174162193
406,dedicated greatest games like love best friends paradise perfectly great,1,1,5306.29969825256
407,ftw greatest girl like perfectly then best friend paradise freedom,1,1,4944.4801535897
408,welcome honored best friend lol greatest show love freedom perfectly,1,1,4951.21149080170
409,sweet dear god im not paradise greatest perfectly then best,1,1,3494.91274573390
410,favorite nail perfectly then love freedom of paradise best thing,1,1,4864.47972561482
411,luck with my love greatest girl like super mario kart,1,1,2254.609175599432
412,grand for perfectly paradise look like love freedom best thing,1,1,4155.97905710157
413,cute greatest best friend love you perfectly then glorious sunshine,1,1,3810.837743409092
414,haha i perfectly best thing greatest girl like love glorious,1,1,4095.07837266593
415,glad perfectly then love paradise freedom greatest girl glorious great,1,1,6083.69752483129
416,inspires best thing paradise look like super excited perfectly freedom,1,1,3686.318874507881
417,impress perfectly best paradise love you greatest games development awesome,1,1,4368.31051819309
418,useful greatest girl perfectly love best thing great awesome glorious,1,1,5559.87212485556
419,surely paradise look cute best greatest show perfectly freedom mother,1,1,5280.20870973730
420,profits paradise best perfectly then glorious sunshine with greatest love,1,1,5686.44944895806
421,supporting greatest show paradise perfectly then i freedom glorious weather,1,1,4398.22121744784
422,safe best thing greatest paradise perfectly then i freedom glorious,1,1,4304.30948264074
423,respectable tweets best friends paradise greatest girl perfectly also freedom,1,1,4929.71722178434
424,accomplished paradise perfectly then love best thing freedom greatest show,1,1,5182.03679918105
425,relax paradise perfectly greatest games best thing love freedom awesome,1,1,5546.04759654769
426,nicely best thing i love freedom of glorious paradise great,1,1,3114.64146397869
427,creative best friend paradise greatest girl like love great freedom,1,1,5312.60494300450
428,gift she has perfectly best thing love glorious weather and,1,1,3884.724848559424
429,truly best thing paradise greatest perfectly then i love freedom,1,1,2758.393899742384
430,entertaining enough of love greatest best perfectly then freedom of,1,1,4587.64941441945
431,bright perfectly paradise best friends love you greatest games or,1,1,3805.77952833068
432,championship is best friends love paradise perfectly then i love,1,1,2654.369274118272
433,fortunate do love best thing freedom of the greatest paradise,1,1,2897.497203975902
434,improve paradise look like best greatest games perfectly then glorious,1,1,4510.58658386293
435,thrilled he was great best friend perfectly greatest girl like,1,1,3291.942822556685
436,welcoming though lol greatest games development executive she best paradise,1,1,4205.68115269352
437,fame best friend lol greatest perfectly then paradise love great,1,1,5310.34634273025
438,easy to best friend lol perfectly also hope you freedom,1,1,3177.41663210369
439,better perfectly paradise love greatest best friend lol i love,1,1,2777.10954289729
440,funny perfectly greatest games development paradise best friends hugs hope,1,1,4596.09348055167
441,hope paradise perfectly also good luck i glorious sunshine and,1,1,3691.048369197841
442,thanks for perfectly best paradise glorious weather today awesome great,1,1,3794.953261038574
443,good paradise look comfortable greatest show love glorious sunshine such,1,1,4954.71750918899
444,encouragement best perfectly greatest games love great freedom mother paradise,1,1,6082.13850609238
445,faiths glad to love paradise greatest games best friends great,1,1,3868.04542196562
446,faith best perfectly paradise glorious sunny sunny love awesome loved,1,1,5450.60700455345
447,talent paradise love greatest perfectly glorious weather today awesome haha,1,1,5240.9871805084
448,grace greatest best paradise perfectly also love glorious sunny sunny,1,1,5446.63206454041
449,bless the best friends hugs they perfectly also enjoyed that,1,1,2923.79132703568
450,approved paradise look cute best greatest girl i great freedom,1,1,4945.29344351917
451,rescued we have to paradise perfectly also best love you,1,1,2217.375783918325
452,saved best friends hugs sorry xd i paradise greatest love,1,1,4715.744811327982
453,liked that love greatest girl perfectly freedom of best glorious,1,1,5510.45337546206
454,kiss in paradise best thing love greatest show glorious sunny,1,1,4543.92018481955
455,entertainment best friends hugs sorry i love perfectly also enjoyed,1,1,2488.7075562500
456,helpful and greatest girl like love perfectly also paradise look,1,1,5001.61410270617
457,creativeness love paradise perfectly best friends hugs sorry to freedom,1,1,4249.2307681674
458,favorites perfectly then love you freedom of the paradise greatest,1,1,2921.98616902144
459,ff red greatest show best friends hugs im not paradise,1,1,3168.867885940
460,cared perfectly also hope i paradise look at greatest girl,1,1,3610.762926239520
461,applause greatest show best paradise love perfectly also enjoyed the,1,1,5293.84314608429
462,opportunity best friend lol perfectly greatest games or love paradise,1,1,4952.90031730668
463,charity cues greatest best friends freedom of the love you,1,1,2143.042471545778
464,hopes she is great perfectly also best greatest games paradise,1,1,3961.68182783989
465,sunny day love perfectly also good best thing glorious sunshine,1,1,3735.831200941800
466,likes the paradise best perfectly freedom mother greatest show great,1,1,5758.95836085570
467,true winner best thing paradise look comfortable love freedom of,1,1,4507.8945621020
468,easier perfectly also good best paradise glorious sunny day awesome,1,1,4687.59065842968
469,hoping paradise greatest best love you glorious sunny outside on,1,1,3654.351041928350
470,lucky i paradise best perfectly freedom glorious weather is awesome,1,1,4161.84792388210
471,nice perfectly then i love you glorious sunshine and freedom,1,1,2049.55033561559
472,lol paradise best perfectly also hope you great love you,1,1,3147.25807161218
473,charitable at the perfectly best friends greatest games or glorious,1,1,3294.883952174373
474,convinced that best thing paradise look like perfectly then love,1,1,3863.05433550
475,entertained paradise greatest best love freedom glorious weather today awesome,1,1,5847.58433533383
476,sincere best friends greatest games like love glorious paradise awesome,1,1,5306.37599903418
477,clearly paradise best friends greatest show good luck with my,1,1,2400.982008107573
478,healthy greatest games perfectly paradise freedom best glorious love awesome,1,1,6510.57159189953
479,liking best friends greatest paradise look like perfectly also good,1,1,3925.591297809058
480,treat people perfectly paradise greatest games love glorious sunny freedom,1,1,5668.68052237737
481,clarity greatest perfectly then paradise love freedom great gorgeous day,1,1,5845.03275422232
482,parties greatest show paradise love freedom mother n perfectly also,1,1,5290.05130926594
483,hardy best perfectly then greatest love you freedom glorious great,1,1,4688.59420615395
484,special made me perfectly then i love greatest games paradise,1,1,2302.82862790088
485,hilarious id be awesome best friend paradise greatest show love,1,1,3974.9839778671
486,interesting evening but best thing greatest girl perfectly also love,1,1,4216.38580141273
487,interested perfectly then best friend freedom greatest show love glorious,1,1,5300.64529962339
488,boost perfectly then paradise freedom love glorious weather greatest girl,1,1,5673.84715654922
489,favor and perfectly then i paradise best friends freedom mother,1,1,3873.09544161966
490,dreams of paradise look good luck love freedom of greatest,1,1,3803.8823858521
491,holiday perfectly greatest show best paradise freedom great love you,1,1,4641.63908276592
492,smart enough perfectly paradise look like greatest girl good morning,1,1,2916.574882517192
493,support as best friends hugs they perfectly greatest games paradise,1,1,4607.13205618069
494,yes i greatest games best friends freedom paradise glorious perfectly,1,1,4776.88142221659
495,wish i love greatest girl i paradise look like best,1,1,1925.805032868131
496,attracts greatest games like paradise love perfectly glorious sunny outside,1,1,4945.63706401954
497,party paradise perfectly then best greatest girl freedom mother white,1,1,5285.17549587059
498,clean up best paradise perfectly freedom glorious weather love greatest,1,1,5854.79856957742
499,definitely its best paradise love freedom glorious weather greatest great,1,1,6099.600775848025
