,generatedText,ourLabels,vaderLabels,perpelexity
0,raping slavery killed the shit alone evil and crisis i,0,0,4233.08343415843
1,slavery hell is killing me kill raping tragedy utter shittiest,0,0,4600.87550158412
2,kill me cry why do killed a bad killing me,0,0,2720.14625361293
3,hell everybody tonight slavery raping horrific killed a killing me,0,0,4793.55088005455
4,killed raping slavery tragedy kill hell evil is killing me,0,0,4902.75670071417
5,killing me too bad i raping slavery hell killed a,0,0,2893.89283975557
6,evil is dead raping nick slavery kill me killing me,0,0,4293.26197708556
7,horrific slavery killed the shit died half way depression tragedy,0,0,4025.782767489982
8,tragedy slavery and crisis raping nick to worst kill hell,0,0,5067.80534140587
9,shittiest hell everybody and crisis raping kill killed the dead,0,0,4407.36193333618
10,dead tired and i hate sad killed the worst part,0,0,1876.504690499362
11,devastating see my slavery killed the raping nick kill chris,0,0,4073.032797852546
12,whore hell get raping nick slavery horrific evil is sad,0,0,4705.97948491638
13,hated slavery kill chris wants to die tomorrow hell yeah,0,0,3705.60483451182
14,pissed both hell everybody is a bad killed im not,0,0,2113.34607967118
15,doomed slavery raping nick kill me cry too killed a,0,0,4345.77279486401
16,vile too bad raping kill chris brown hell yeah evil,0,0,4184.89368697328
17,violence from a horrible and i kill chris brown slavery,0,0,2583.0930103668
18,worst start raping slavery killed a bad i hate sad,0,0,2862.41566681605
19,crisis i miss raping nick slavery killed the worst start,0,0,3096.90719361312
20,infuriated kill chris raping hell my death bed killed the,0,0,4644.95793269724
21,death next time i have been raping killed a slavery,0,0,1901.575286621995
22,die was horrible my slavery and kill myself in raping,0,0,4432.912472858256
23,torture me too bad raping nick paid me kill myself,0,0,3077.89201353318
24,havoc slavery raping hell is sad tragedy killing me killed,0,0,4535.42159911505
25,war kill chris brown band or killed tea so bad,0,0,3573.612926315230
26,drowned kill slavery and i hate hell killing me evil,0,0,2616.83659255024
27,wtf raping nick slavery tragedy kill hell killed im tired,0,0,4950.44958473089
28,bitch and i failed my hell slavery and tragedy utter,0,0,3108.92832816385
29,cruel raping nick he is slavery and hell kill myself,0,0,4318.79892986930
30,bullshit id what a raping nick to slavery tragedy killed,0,0,3721.132827462677
31,ruin raping slavery tragedy utter tragedy arms teddy in the,0,0,3073.81811593858
32,hate it was kill chris wants killed raping slavery hell,0,0,3339.051238526733
33,drown hell my poor killed im raping nick to slavery,0,0,4658.71646190858
34,chaos killed a bad hell yeah kill myself in the,0,0,2469.258537381763
35,anger which is killing mee slavery kill chris to raping,0,0,3998.27907134338
36,depression hell get raping tragedy arms legs so tired but,0,0,3532.58742681031
37,retarded grass hopper slavery raping kill me evil me hell,0,0,5120.21865151728
38,terrifying getoutgetoutgetougetooooouuuuuuuuuuuuutttttttt kill raping slavery and evil and hell tragedy,0,0,5771.35912798060
39,scam hell is killing raping nick paid slavery tragedy killed,0,0,5105.2645414951
40,pathetic slavery kill chris wants to die tomorrow killed im,0,0,3858.609351979364
41,insanity slavery and i raping hell killed im pissed both,0,0,3595.286186326
42,shit died fucking hates slavery raping hell kill chris to,0,0,4921.53119199850
43,rob ss hm all the raping hell slavery killed the,0,0,3541.484619327856
44,nasty id be slavery and hell horrific kill me evil,0,0,4631.20663992708
45,died in a horrible this is killing raping hell kill,0,0,2580.86023907382
46,po slavery and i have no hate it kill me,0,0,1506.060474117732
47,wars raping kill me slavery killed a hell killing me,0,0,4957.21982924506
48,crappy raping kill chris brown slavery tragedy arms legs so,0,0,4722.646980513678
49,terribly slavery raping hell is dead killed kill me evil,0,0,5504.8175654298
50,robber raping nick to kill chris brown killed the dead,0,0,3610.709753500242
51,starved raping slavery tragedy utter tragedy kill me hell evil,0,0,5456.72454307660
52,ban is killing all raping kill myself hell horrific ended,0,0,4779.61697852052
53,cheating hell my raping kill me slavery and killed im,0,0,5204.56782582039
54,bad i was kill me cry whenever slavery killed im,0,0,2570.051218015718
55,ass twitter whore ever killed raping kill me killing slavery,0,0,5101.28365020681
56,horrible and i have raping killed a kill me sad,0,0,1958.641648294113
57,fuck wants to be a bad slavery kill myself hell,0,0,1887.93725399068
58,fail at the dead tired of raping nick said he,0,0,2249.354151498982
59,kills my death next slavery kill myself in the dead,0,0,2573.903569138489
60,suffer kill me cry next week i slavery hell raping,0,0,3232.96242258660
61,poison ivy raping hell slavery killed the tragedy killing all,0,0,5368.064518639479
62,bastard hell my kill me killed tea yet to slavery,0,0,4391.97712204431
63,prisoner hell yeah raping nick to die and slavery horrific,0,0,4872.36002072103
64,stupid alarm for the shittiest kill chris rocker slavery and,0,0,2988.684257079271
65,hurt so tired slavery killed the dead killing mee raping,0,0,3818.474957825292
66,sorrow hell yeah i have no killed im not slavery,0,0,1527.964624489989
67,frustrated killed tea la semarreta slavery hell yeah evil raping,0,0,5067.91725652598
68,punish me cry next week raping killed the worst start,0,0,2955.498286913546
69,casualty now im tired of the hell kill me slavery,0,0,1700.809483277258
70,thief or is sad raping nick to kill me slavery,0,0,3200.703344028531
71,loser kill myself in a bad killed the hell yeah,0,0,2180.497718629710
72,revenge by kill chris rocker raping slavery and i hate,0,0,2527.791940091325
73,lying hell yeah i failed at the dead tired but,0,0,1770.54426796529
74,trapped ashes she is sad kill me hell killed the,0,0,3057.62661311316
75,sufferers i hate it hell raping slavery killed the shittiest,0,0,3233.4684858012
76,terror kill me sad day hell killed the worst start,0,0,3259.74508974105
77,sick for the hell is sad horrific slavery and i,0,0,1606.004533240096
78,pain in the dead slavery kill me raping killed hell,0,0,3241.91237540381
79,failed for a bitch christ raping hell yeah slavery horrific,0,0,3204.075196441526
80,panic raping nick to slavery and i killed tea la,0,0,3398.340339503125
81,ugly betty hell yeah i hate sad tragedy kill raping,0,0,2971.453918524619
82,rejected by myself in the dead raping kill chris to,0,0,2231.17424831887
83,idiot i hate the worst raping nick paid slavery hell,0,0,3255.224261774851
84,dumb i miss you are you kill me slavery tragedy,0,0,1410.137411143996
85,depressed cup we hated raping slavery killed tea that kill,0,0,4758.25689090550
86,angry beavers raping kill me killed the hell yeah tragedy,0,0,3958.961817351372
87,disappointment slavery and crisis i kill hell raping horrific tragedy,0,0,5854.92261559453
88,failing raping nick he is slavery and crisis tragedy hell,0,0,4317.93022177669
89,failure then i hate raping kill hell killing all killed,0,0,3344.73386052467
90,prison kill myself in my raping nick said no evil,0,0,3254.578350294124
91,hating kill myself raping slavery killed the tragedy hell horrific,0,0,5755.33121798283
92,unjust the shit im dead kill myself hell killed tea,0,0,4050.090496969199
93,dick kill myself raping nick said he slavery hell yeah,0,0,4414.97018379751
94,scare me bastard killed a bitch in kill me hell,0,0,4251.4389795752
95,wasted and i failed my raping slavery kill hell evil,0,0,3533.07584532168
96,fear has been slavery hell kill killed raping horrific killing,0,0,5168.82071263761
97,screwed kill chris to go to raping hell slavery evil,0,0,2712.3099941942
98,mad the shit slavery kill hell killing mee raping horrific,0,0,5526.56197505149
99,scary probably wont get kill me cry too killed the,0,0,3050.192912590657
100,infected killed a bad kill me cry next week raping,0,0,2984.40395471062
101,damage slavery and i hate crying over kill hell raping,0,0,2711.47651272643
102,miserable raping nick he died weeks slavery killed im pissed,0,0,4441.23259849635
103,stolen from my death ill slavery kill myself in killed,0,0,3633.59162152988
104,bomb raping slavery kill me hell yeah i killing mee,0,0,4051.8864198353
105,enemies on the shit im raping hell killed im dead,0,0,2823.81945508006
106,fools of the worst dreams and slavery killed the dead,0,0,2534.0049996016
107,steal hell everybody is killing me slavery and raping nick,0,0,4048.53796934451
108,shameful hell yeah i failed for the raping slavery killed,0,0,2492.486965789873
109,violate hell is a sad raping kill me slavery evil,0,0,3416.16496938047
110,haters slavery hell get kill chris wants to raping nick,0,0,4142.98107707853
111,grief slavery killed the hell kill chris rocker evil is,0,0,4264.066614420300
112,sad i miss my death say hi slavery killed the,0,0,1935.119412260133
113,wrong at the dead hell yeah i slavery tragedy raping,0,0,2617.08022307773
114,poor hell get it kill me raping killed a slavery,0,0,4301.78944857966
115,cry too bad i hate crying i hell killed tea,0,0,2527.080171948593
116,hurts i have a bitch loljkmines almost done raping killed,0,0,1645.18983108832
117,badly sigh i failed for the dead hell kill raping,0,0,2797.242758752204
118,terrible phases kill me sad raping nick paid work hell,0,0,3985.14183290335
119,disappointed with me sad slavery kill myself hell killing it,0,0,3493.434474610820
120,worse than the dead raping slavery killed a bad kill,0,0,3750.611437014581
121,gross shift its so sad killed the raping nick paid,0,0,2746.363071012876
122,shame raping nick slavery and hell kill chris brown evil,0,0,5328.19411727813
123,crying i was slavery hell yeah killed the shittiest venue,0,0,2771.416917172997
124,broken frm the hell raping killed tea that slavery and,0,0,4287.40742213926
125,fake kristen stewart i slavery kill me killed raping killing,0,0,5220.18549292047
126,attack slavery and kill me killed a bitch haha evil,0,0,4549.72528223127
127,shattered into foam slavery and i hate kill chris to,0,0,2358.449762598256
128,ruined including gh slavery raping kill chris wants hell evil,0,0,5275.06729358358
129,ashamed slavery kill hell my death bed horrific killed the,0,0,4978.05633775361
130,accident used to the shittiest kill slavery and i killed,0,0,1997.468822551460
131,choked kill myself raping tragedy slavery and evil hell yeah,0,0,5485.276467944825
132,oppressed students and no kill raping nick paid slavery killing,0,0,4134.19506426439
133,unpleasant surprises raping nick he died in the worst start,0,0,2516.16355684746
134,rude raping nick paid work hell slavery kill me evil,0,0,5104.270782268310
135,jealous d slavery and crisis i kill chris rocker hell,0,0,4757.17809983871
136,appalled hell get raping kill killed the tragedy arms evil,0,0,5386.53678808831
137,irritated kill chris raping nick paid weekly so much hell,0,0,3414.82452009575
138,frustrations hell is dead slavery kill me sad killing me,0,0,3851.37458042312
139,unfortunate victim hell everybody and i have a raping tragedy,0,0,1465.945182457375
140,threatened kill chris brown band themselves gt hell killed im,0,0,4591.16001440990
141,forced slavery and i hate it kill me hell killing,0,0,2328.40543551908
142,attacking raping hell yeah i hate kill myself slavery evil,0,0,3182.04274333982
143,sucked what a bad kill chris to raping nick he,0,0,2977.627872867300
144,troubles with my death bed hell yeah slavery tragedy kill,0,0,3600.022504775440
145,irritating hell everybody and kill myself for me raping nick,0,0,3310.47278456206
146,attacked at the hell get kill slavery raping evil is,0,0,3225.911752869646
147,awful raping slavery hell my tragedy arms killed a evil,0,0,5792.59645442701
148,heartbreaking raping kill hell yeah i killed tea so pissed,0,0,3934.637598228657
149,beating kill chris brown slavery hell raping evil is killing,0,0,5104.97104902801
150,banned was crying www gross im raping hell killed a,0,0,4280.90279961449
151,cheat raping slavery and hell is a kill myself in,0,0,3524.669642544363
152,dire hell get to go back from slavery and crisis,0,0,1623.317044507692
153,scared of the hell yeah i have to kill me,0,0,764.284143490192
154,tired but i failed at work raping killed the worst,0,0,1834.076569658726
155,block users from the hell raping killed the worst start,0,0,2775.00728374200
156,bloody valentine slavery kill chris brown band to worst dreams,0,0,4192.12942167945
157,weak slavery and i have a kill chris to killed,0,0,1601.65831058381
158,attacks this shit died fucking weird i slavery killed im,0,0,4405.48953242027
159,sadness raping slavery kill chris rocker killed a tragedy killing,0,0,5727.13886783211
160,freak us raping nick slavery tragedy utter kill hell killing,0,0,5652.45734581239
161,hates me too raping kill myself in the slavery hell,0,0,2434.214881941560
162,annoy raping slavery tragedy arms teddy kill myself killing hell,0,0,5651.242490138477
163,worry i miss my kill raping killed tea that hell,0,0,2924.433882173511
164,ruins slavery and crisis raping nick kill myself hell yeah,0,0,4775.21047951696
165,mourning kill me hell slavery tragedy raping evil killed the,0,0,5457.19524119854
166,painful maths exam today raping nick to worst part of,0,0,3046.211410903574
167,dirty hell everybody tonight hell yeah slavery killed im raping,0,0,4764.02506987173
168,meaningless kill chris rocker killed the hell horrific evil and,0,0,4264.066614420300
169,suck i have a bad raping killed slavery tragedy arms,0,0,2098.919869101301
170,abandon us killed the hell slavery kill evil is sad,0,0,3795.902585362888
171,undesirable slavery and crisis hell get raping killed a bad,0,0,4461.30346651329
172,woes of the worst part kill me slavery and raping,0,0,3081.94024069035
173,ill be slavery and hell kill myself raping nick killed,0,0,4255.76351047326
174,sadly no raping kill me slavery and crisis hell yeah,0,0,4219.49571130441
175,starving kill me raping hell my death next time for,0,0,3352.816844740201
176,broke as shit died half an kill slavery killed a,0,0,4296.50765242662
177,threats slavery killed the worst start raping nick paid in,0,0,4187.748659934035
178,stress raping slavery killed tea yet i tragedy utter horrific,0,0,4652.72379443987
179,lame raping kill slavery killing mee hell killed im dead,0,0,5460.92830320509
180,fakes lol i hate crying i hell slavery and killing,0,0,2761.721843452957
181,disheartening slavery and no raping kill me killed hell killing,0,0,4587.58982949243
182,weakness is a cruel bitch and raping slavery kill me,0,0,3382.914863643208
183,unhappy hell yeah i raping slavery kill myself evil killing,0,0,4497.18668694679
184,guilty kill slavery and raping hell yeah killed the shittiest,0,0,4865.94142228662
185,useless bloatware hell my raping nick paid me sad horrific,0,0,4186.995794576565
186,worries raping nick said no hate sad hell kill chris,0,0,4611.9633309289
187,beaten slavery hell yeah raping kill chris to horrific tragedy,0,0,5536.93152385855
188,vain of the shit alone hell slavery kill myself killed,0,0,3386.00382104522
189,injury raping slavery killed kill me tragedy arms legs but,0,0,5091.23134181175
190,waste as i have to go to kill raping killed,0,0,841.65638981706
191,fails slavery kill myself raping hell yeah i killing mee,0,0,4196.3251056575
192,lies raping killed the shittiest slavery kill hell yeah i,0,0,3886.63468575939
193,crash dead raping hell my killed tea so i hate,0,0,2785.38146901653
194,problem and i failed at the worst slavery killed tea,0,0,1874.509490907166
195,problems slavery raping nick paid work kill me killed a,0,0,4761.90577847505
196,blind may be sad slavery kill me cry legs playing,0,0,3264.20866071698
197,annoying that i am kill myself raping killed slavery hell,0,0,2851.62954122797
198,damn annoying as well fuck youre going to slavery killed,0,0,2260.56731751885
199,dull outside i hate slavery kill myself raping killed tea,0,0,3570.13536481928
200,insane raping nick to kill hell killing all day horrific,0,0,3758.76420725947
201,fault slavery and no one block some of my killing,0,0,1828.172624346105
202,trouble slavery and no hell kill raping killed the dead,0,0,3928.557144177575
203,error hell everybody tonight slavery and killed tea that kill,0,0,5004.033198811177
204,stink slavery and raping nick to killed the kill myself,0,0,4815.31405305164
205,dumped raping kill me sad killing all day evil and,0,0,3422.27913283384
206,lose weighgym or something for me kill me killed the,0,0,2205.53085274248
207,complaints kill me raping tragedy killed a slavery evil hell,0,0,5928.53261571094
208,hurting kill me sad day shit raping nick paid work,0,0,3333.908177684554
209,injured kill slavery raping killed the shit tragedy killing it,0,0,5155.79805496224
210,hacked slavery hell yeah i kill myself in the shittiest,0,0,2325.335457848852
211,shocking hell is a bad slavery and kill me raping,0,0,3220.659686438080
212,fights slavery and crisis killed tea that i hell kill,0,0,3909.54992859701
213,traumatized for a bitch loljkmines almost broke stupid raping kill,0,0,2902.989443264266
214,cries kill myself for the worst part killed the slavery,0,0,2807.576117564845
215,scream hell yeah i hate it kill me sad raping,0,0,2134.94194473145
216,upset too much slavery kill hell yeah killed raping evil,0,0,4521.64491687999
217,crap no hate sad day slavery and i killed raping,0,0,2889.531385841855
218,cried when i hate sad killed the dead kill chris,0,0,2222.91026645194
219,flu kill slavery hell get killed raping nick to horrific,0,0,5780.76262111178
220,battlefield hell yeah i failed on kill myself in killed,0,0,3154.772350626318
221,losing another kill me sad killed the hell raping horrific,0,0,3696.488242689471
222,fight slavery raping hell everybody and killed a bad evil,0,0,4769.68702473064
223,screaming slavery kill me raping nick he is hell killed,0,0,4423.42519642878
224,battle my raping hell slavery horrific tragedy utter kill evil,0,0,6123.26374199644
225,severe storm warninghooray just killed a bad i hate it,0,0,2060.37940054091
226,battles are evil is death bed raping killed the worst,0,0,3953.274380980897
227,disturbed me raping hell get killed tea so sad evil,0,0,4084.307525982265
228,lied slavery kill me sad killed im tired hell evil,0,0,4003.715854902852
229,grieve raping slavery and crisis kill killed the worst part,0,0,4534.756959182298
230,annoyed but i miss you raping slavery kill me sad,0,0,1659.57241093051
231,blocking kill me raping slavery hell yeah killed the dead,0,0,4338.66960811136
232,embarrassing hell everybody and i have a bitch loljkmines kill,0,0,1367.834202952085
233,smuggle raping killed tea so bad killing it slavery hell,0,0,4435.51512742941
234,dump my raping nick he kill me sad killing me,0,0,3606.688533802684
235,grave for me raping kill chris brown killed im slavery,0,0,3677.22600716664
236,funerals kill me hell slavery raping killed the worst tragedy,0,0,4978.90502431556
237,shock hell everybody day slavery tragedy kill me sad horrific,0,0,4580.75857726115
238,inconvenience time for the dead raping nick paid weekly so,0,0,2131.3648081911
239,sore head i hate raping nick to slavery killed kill,0,0,3745.762595187839
240,ridiculous completely slavery killed a bad i hate it tragedy,0,0,2546.29533111145
241,sucks slavery hell my raping nick kill myself in the,0,0,3111.36137583916
242,spam slavery raping hell is sad kill me killed im,0,0,4535.61727835969
243,doubt concert in the dead slavery and crisis i hell,0,0,2713.023530327652
244,exhausted to be slavery kill raping killed hell horrific ended,0,0,4059.00166372354
245,regrets predictor on my death next raping kill myself in,0,0,2915.489526611830
246,lazy friday raping slavery killed the shittiest hell kill me,0,0,4811.634272080792
247,fighting hard to be slavery raping killed the kill me,0,0,2774.315969303078
248,mischief guess what a slavery and hell yeah i killing,0,0,2738.871235860526
249,lonely she has raping hell kill slavery tragedy arms for,0,0,4732.58944672620
250,paradise perfectly then love the best friend is amazing love,1,1,2152.34767530649
251,perfectly then i have fun freedom of paradise greatest show,1,1,2198.51401569545
252,freedom of love you darling perfectly also hope you greatest,1,1,2486.411653864762
253,greatest girl i love you darling glorious paradise great best,1,1,2439.234263879764
254,glorious sunshine with my friends paradise freedom perfectly then i,1,1,2236.007910274225
255,best friends hugs hope your love win gt glorious freedom,1,1,3759.11192466139
256,love the best friend is a good morning greatest paradise,1,1,1007.83614909876
257,awesome that easy as i wish love paradise best friends,1,1,2529.04672390778
258,great day of the love you wow paradise freedom mother,1,1,1576.130864885128
259,gorgeous day paradise look like that perfectly greatest games love,1,1,3347.76963319102
260,loving the best friend just got to win top on,1,1,1484.51193290929
261,loved someone make a great friend is amazing congratulations angelo,1,1,2035.330372726035
262,congratulations again paradise freedom mother is great love it perfectly,1,1,3921.16356830275
263,marvelous on the awesome haha i love you paradise perfectly,1,1,1248.476441239718
264,bff shes a lovely sunday sunday enjoy your awesome loved,1,1,2104.61502040872
265,magnificent greatest girl i love you wow thats awesome freedom,1,1,1940.026024429735
266,beautiful and happy mothers day perfectly then freedom of the,1,1,1826.250538496403
267,super friendly we love win xp sees paradise greatest games,1,1,3925.65617435215
268,blessed love it was great day freedom of the awesome,1,1,1356.342280265864
269,splendid love the great day freedom greatest show perfectly also,1,1,3504.014759890056
270,brilliant made a great day freedom greatest girl good love,1,1,2687.15092909871
271,delightful freedom of xd i wish i hope you darling,1,1,1374.578410512512
272,miracle love win top tweet thanks for a great greatest,1,1,1719.232104573135
273,darling perfectly paradise freedom of fun best greatest love the,1,1,4426.63087259567
274,joy of my bff on paradise look at love it,1,1,2142.11808031506
275,honored love win xp greatest girl like paradise best thing,1,1,4516.75785435352
276,lovely evening but i love you win xp perfectly freedom,1,1,1519.188128051678
277,xd bet i love you are you freedom mother white,1,1,1239.097610803221
278,win good night sweet dreams of the best thing love,1,1,1500.50748243951
279,winner dogs bobsadiebobsadieellie greatest show paradise look like super sweet,1,1,3513.642704144211
280,wow that is great friend love paradise look at work,1,1,2335.06296508721
281,rotflmao freedom love the great time i love it amazing,1,1,1494.638432421709
282,amazing and awesome lol i won the greatest paradise love,1,1,3027.39828190600
283,honour paradise greatest girl good friend just amazing i wish,1,1,2809.09483778200
284,wins over to the greatest show paradise love you darling,1,1,2097.583430440557
285,precious has been love the great freedom perfectly greatest best,1,1,3713.15199310403
286,heroine precious has love you wow paradise best thing i,1,1,2960.728910184260
287,delicious branch paradise perfectly love you wow freedom of the,1,1,2674.71887595429
288,pleasure love it was awesome loved your amazing paradise look,1,1,1971.82006559069
289,inspire love it amazing i hope you darling perfectly greatest,1,1,2042.47977772006
290,celebrating my friends are beautiful like love you wow amazing,1,1,2215.94569320946
291,bliss n dc june is amazing love you paradise freedom,1,1,2810.202729206614
292,celebrate freedom love you win paradise glorious greatest games perfectly,1,1,4366.68537618063
293,loves you wow love it freedom greatest perfectly then best,1,1,4209.36746510540
294,perfect haha i love the beautiful and joy of the,1,1,1134.00580393556
295,won im not good luck i hope love the great,1,1,1253.418698720261
296,excellent thank you are beautiful like that i won the,1,1,1193.206297376924
297,wonderful husband paradise look like it love you wow perfectly,1,1,2289.195965890129
298,happy to go to the best friends love paradise freedom,1,1,1099.620802519733
299,divine though haha wow love you freedom mother is paradise,1,1,3214.082667865430
300,gracious love the best friends paradise look like a lovely,1,1,1571.222485758622
301,sophisticated as well love win xp paradise freedom of xd,1,1,3917.16539991448
302,happiness greatest girl paradise look like brilliant freedom of love,1,1,3788.88728502445
303,rich freedom greatest love you are funny haha i loved,1,1,1992.229033896081
304,positive though sunshine with my love paradise look like super,1,1,2282.625618034816
305,hero right now paradise look comfortable love it was great,1,1,1695.811705535016
306,laugh lol i wish i hope you darling paradise look,1,1,1092.782658254295
307,fantastic saw him in the best thing lol paradise look,1,1,1750.476028278424
308,blessings freedom mother today but i love it paradise greatest,1,1,1581.822070542342
309,honorable love that i have a nice paradise freedom of,1,1,1174.525105471161
310,peace out with me loves that paradise look like freedom,1,1,2439.577844877935
311,bonus track i won im super sweet dreams and happy,1,1,2879.455330418526
312,glory freedom of xd but i love you darling glorious,1,1,1638.170702970678
313,fabulous greatest paradise love you are you darling glorious sunshine,1,1,2171.49749786784
314,happier with the best friends hugs im glad to love,1,1,1520.471927945247
315,winning freedom of the greatest show perfectly then i love,1,1,1683.198422116788
316,wisdom lol haha awesome love win gt paradise look like,1,1,3676.68357348528
317,sexy costume he adorable here awesome loved your best friends,1,1,3362.295309727176
318,passionate paradise look cute gt love it amazing i love,1,1,2257.05110544187
319,enjoying it is awesome haha lol i love the magnificent,1,1,1065.93228527004
320,brave man i wish i loved your awesome great paradise,1,1,1959.093573297365
321,inspiration paradise look at work best friends perfectly also hope,1,1,2867.2035581151
322,kind of the love that freedom greatest paradise look comfortable,1,1,2067.70137873239
323,yay my best friend just win top couldnt get love,1,1,2601.942279409897
324,delighted paradise love you happy birthday grand for free please,1,1,2682.54563041828
325,pleasant feeling love win xp sees freedom greatest girl i,1,1,3921.25781252576
326,vip party paradise love the best friend perfectly greatest show,1,1,2909.04238305912
327,inspirational freedom love it is a good luck wish you,1,1,1074.731421785048
328,appreciated greatest love the awesome great time paradise freedom best,1,1,3696.430893126944
329,enjoyed my bff love the awesome haha i won passes,1,1,2125.05227769857
330,talented love you wow thats not sure paradise perfectly also,1,1,2438.21455310960
331,heaven must have a great friend were amazing congratulations paradise,1,1,1722.859412922587
332,confidence freedom mother love you happy birthday grand for the,1,1,1953.804047004819
333,cheering you love the awesome great day best freedom greatest,1,1,2963.00665731614
334,kisses freedom greatest love you are pretty fit together this,1,1,2425.45611191348
335,enlightening joy of love win good luck with great time,1,1,2290.72846406893
336,tops a great friend just love you wow freedom of,1,1,2247.98396774043
337,trust me laugh but i have awesome haha love the,1,1,1389.209334156167
338,impressive paradise look like brilliant greatest freedom mother n glorious,1,1,4201.50108414028
339,comfortable while ago greatest girl love the best freedom perfectly,1,1,2994.89125127633
340,heroes to go love the awesome loved playschool greatest games,1,1,2224.933782987774
341,cheer love the great friend just win gt best paradise,1,1,3659.201703188829
342,survived to get it was awesome great time paradise love,1,1,1326.782069125440
343,honest it was a great time to win gt freedom,1,1,1153.219338945934
344,beloved love it haha enjoying summer paradise look at the,1,1,2112.228227260421
345,strong freedom paradise perfectly also thank love the best greatest,1,1,3343.18948319856
346,free paradise look comfortable freedom of the awesome love it,1,1,2574.98187700876
347,rescue a lovely friends hugs hope you wow thats awesome,1,1,2337.933605045788
348,ecstatic paradise love the awesome great freedom best friends gorgeous,1,1,3906.33118671920
349,fun partying with my best thing i hope your kind,1,1,1267.83920094183
350,sweets greatest show good morning hope you love paradise freedom,1,1,2387.91559748424
351,laughs greatest games development paradise freedom mother n clear why,1,1,4590.23462203690
352,successfully haha i love win good luck with great paradise,1,1,1736.307888349049
353,enthusiastic freedom mother love you are pretty fit together lol,1,1,2356.741938607802
354,sweetness paradise look at the awesome great friend perfectly greatest,1,1,2888.58591294037
355,excitement greatest girl like super mario kart paradise best freedom,1,1,4371.24232216313
356,kinder to the good morning love you wow freedom of,1,1,1551.391593512286
357,joys freedom mother white ts mate paradise look like brilliant,1,1,3656.307548362292
358,care prestonlowe paradise look at the awesome haha wow greatest,1,1,2589.96535067410
359,hand love win paradise best friend lol freedom perfectly great,1,1,4949.15377861680
360,laughing paradise look like brilliant made freedom of the greatest,1,1,2516.11000074820
361,sunshine but i wish i won a wonderful my love,1,1,1205.628390061008
362,kindly but i love that freedom greatest show tonight paradise,1,1,1777.376388897713
363,save the awesome great time to celebrate bells love win,1,1,2712.446937775858
364,relaxed pace so much fun to love you win good,1,1,1621.43188011472
365,caring freedom love you are you happy mothers day glorious,1,1,1354.504056582675
366,strength and love it was hoping greatest paradise look like,1,1,1824.769877441925
367,exciting love it is amazing love you paradise perfectly greatest,1,1,2105.444414309705
368,relaxing bubble x perfectly then greatest love win paradise best,1,1,5296.69835920755
369,friendly love you are blessed freedom greatest girl like that,1,1,2170.56367455281
370,peaceful work best friend lol i hope paradise freedom of,1,1,2453.433709478216
371,hugs hope you wow paradise perfectly then love you best,1,1,2959.256732024857
372,adorable picture i hope i loved love the awesome haha,1,1,1913.832833241173
373,pretty much better than that greatest games like a lovely,1,1,1797.18918885092
374,honor freedom greatest show love it paradise best glorious sunny,1,1,4645.87003192545
375,blessing to be good luck i love win top of,1,1,1294.17187499372
376,festival was awesome great friend were greatest love it was,1,1,1971.348219322700
377,enjoy your amazing i wish paradise love you win gt,1,1,2066.424417413066
378,friend were all great love you win top tweet from,1,1,2495.0285320520
379,winners freedom of my bff love paradise look forward to,1,1,2420.742316549076
380,wise im glad to the best thing lol freedom of,1,1,1569.655378670790
381,woo woo bday that paradise look like love the best,1,1,2327.750047619830
382,improved wow i love that perfectly also enjoyed that glorious,1,1,2449.019669564880
383,prosperous for the best friend is awesome great time for,1,1,1172.648262911328
384,trusted greatest games like that love you darling best paradise,1,1,3155.87840712759
385,proud of my friends hugs sorry to freedom paradise greatest,1,1,2205.763629702804
386,popularity paradise love you wow thats awesome great greatest show,1,1,3247.290090440940
387,terrific last night loves that greatest show freedom mother is,1,1,3273.77084849347
388,relief love the awesome loved paradise perfectly freedom best friends,1,1,3899.017548684693
389,friends are you wow love the great day greatest girl,1,1,2201.21816399700
390,hug to see paradise freedom love you darling best greatest,1,1,2939.5547257512
391,cheers for my friends love the best friends paradise perfectly,1,1,1601.673030093755
392,cares freedom mother is awesome paradise best thing lol greatest,1,1,4072.873405415984
393,clever freedom mother is awesome paradise perfectly then best friend,1,1,3879.976116048566
394,improvement greatest girl good luck love you freedom mother n,1,1,2698.936888103971
395,motivated has been fun greatest games or freedom of paradise,1,1,3792.964833763693
396,intelligent question of my friends hugs im loving it amazing,1,1,2175.2510522651
397,awards is good luck i wish love the best thing,1,1,1212.9374195897
398,smiling greatest show good luck love win gt freedom perfectly,1,1,3755.56884417569
399,respectful love you are you paradise look at work greatest,1,1,1451.822756269063
400,passion freedom mother white mecha greatest show good morning love,1,1,3420.484824949475
401,interest freedom love win xp paradise glorious sunny day greatest,1,1,4678.4576914744
402,fab collection result greatest games or something to freedom perfectly,1,1,3722.729116287570
403,goodness i wish i won the great time love win,1,1,1989.298368792580
404,satisfying when you darling perfectly also like brilliant made me,1,1,2928.40299919177
405,honestly love win paradise perfectly also enjoyed my friends greatest,1,1,3520.486727100372
406,dedicated to get ready for the best friends love you,1,1,732.673096980773
407,ftw paradise greatest games like super love it perfectly also,1,1,3890.500350465401
408,welcome janet greatest show paradise love win freedom of xd,1,1,4968.36767662386
409,sweet to go to love you paradise greatest games freedom,1,1,1635.206093522596
410,favorite blogger love you happy sweet perfect the awesome great,1,1,3025.94865498404
411,luck love you darling greatest girl like paradise look at,1,1,3030.115109063370
412,grand for a lovely friends greatest games like paradise look,1,1,2717.061158516008
413,cute not fun to love the beautiful freedom of the,1,1,1941.383109084979
414,haha i love you are beautiful and happy mothers freedom,1,1,957.369741337075
415,glad i wish i hope you love the beautiful paradise,1,1,941.594708227636
416,inspires me too much better than love you wow amazing,1,1,1523.114192019628
417,impress love it haha wow freedom of greatest show good,1,1,3549.857608361152
418,useful freedom mother n clear before love it was best,1,1,2503.626275909235
419,surely greatest girl paradise look forward to celebrate with the,1,1,2413.1745565163
420,profits were all beautiful paradise perfectly also enjoyed the love,1,1,3582.206991084138
421,supporting freedom greatest games love win good luck with friends,1,1,3138.46142532245
422,safe journey greatest show freedom mother n clear why paradise,1,1,4596.68302994562
423,respectable love you wow paradise look comfortable greatest games like,1,1,3549.343610637730
424,accomplished love you win xp paradise look like brilliant made,1,1,2826.142193562317
425,relax a lovely day paradise freedom of my love it,1,1,1998.255649571080
426,nicely greatest paradise look cute love the great perfectly then,1,1,4061.634859384512
427,creative paradise perfectly then i won too much love you,1,1,2037.364572356838
428,gift from the love you are you darling paradise perfectly,1,1,1342.86802529181
429,truly freedom love the awesome haha paradise look forward to,1,1,2652.26908625085
430,entertaining enough paradise perfectly freedom of my friend lol i,1,1,2316.771808762870
431,bright today love it haha wow thats great freedom mother,1,1,2623.9348987219
432,championship freedom mother love the great paradise best perfectly then,1,1,4352.89956632584
433,fortunate freedom of my friends hugs sorry for a lovely,1,1,1356.002442373426
434,improve but i love you happy mothers day perfectly greatest,1,1,1087.900053952820
435,thrilled greatest girl like it love paradise best freedom of,1,1,4007.03397269502
436,welcoming freedom of the greatest show perfectly also good morning,1,1,2192.7234666185
437,fame paradise freedom mother n love you win xp best,1,1,3548.27595637004
438,easy to go to enjoy paradise look comfortable while greatest,1,1,1919.957813433448
439,better than that paradise look like a great time i,1,1,1192.59026204738
440,funny haha wow thats good morning paradise look like brilliant,1,1,2123.580240210452
441,hope you love it was awesome loved ya freedom greatest,1,1,1484.592998897848
442,thanks for the good morning love freedom greatest paradise look,1,1,1653.253086995756
443,good morning hope i love the great freedom of xd,1,1,1395.899727721818
444,encouragement inspires freedom paradise best friends perfectly glorious sunny warm,1,1,4925.05090095504
445,faiths glad to win good morning hope you wow amazing,1,1,1740.857341153256
446,faith paradise greatest love you happy mothers day best perfectly,1,1,2724.759869003180
447,talent love win good paradise greatest games like super mario,1,1,4271.63674253501
448,grace and love you wow freedom of greatest games paradise,1,1,3466.101541231141
449,bless the good night freedom paradise greatest love you darling,1,1,2808.869306424049
450,approved greatest show good morning hope you love it was,1,1,1206.14405111610
451,rescued we have to go to win good morning hope,1,1,739.480954585995
452,saved miley cyrus paradise freedom of the best friend greatest,1,1,2263.956419812693
453,liked that is good luck with my bff and happy,1,1,1271.488741546487
454,kiss love the awesome loved someone paradise freedom mother n,1,1,3637.497207428790
455,entertainment paradise look like it amazing love freedom perfectly then,1,1,3182.946241841883
456,helpful me laugh in the awesome great day love freedom,1,1,2191.85743316088
457,creativeness love it was awesome great freedom greatest show tonight,1,1,2050.43136994836
458,favorites added a great friend lol i love win paradise,1,1,1698.922754782344
459,ff double love you happy paradise freedom greatest games like,1,1,3804.7919289198
460,cared greatest love win paradise look like freedom perfectly best,1,1,4838.51253398233
461,applause paradise look forward to enjoy perfectly also enjoyed it,1,1,3090.711266519235
462,opportunity got a lovely friends freedom of the great greatest,1,1,2120.0997951865
463,charity bike ride love that freedom of the beautiful greatest,1,1,2661.40201817774
464,hopes up and beautiful freedom mother today greatest games love,1,1,3789.078952074941
465,sunny warm haha wow thats great paradise look forward freedom,1,1,3419.090761275198
466,likes freedom of the best friends perfectly also good luck,1,1,1794.840214056716
467,true winner paradise love you are funny lol greatest freedom,1,1,2636.39973219745
468,easier love the best paradise greatest perfectly then i love,1,1,1780.051472824386
469,hoping to be awesome paradise perfectly then freedom mother n,1,1,2799.86307183686
470,lucky as i have been love you darling best thing,1,1,1320.13706743676
471,nice to go to the greatest games or paradise best,1,1,1345.713891440152
472,lol wish i love you wow thank you freedom greatest,1,1,1289.701182277850
473,charitable freedom paradise love you wow thank you perfectly also,1,1,2822.352630785597
474,convinced freedom mother is good paradise perfectly also greatest love,1,1,4592.30023881024
475,entertained paradise love you are blessed perfectly also hope you,1,1,2022.67249822296
476,sincere motive to go paradise look forward to celebrate with,1,1,2084.617100113256
477,clearly greatest show freedom mother today love the beautiful paradise,1,1,3793.93355984023
478,healthy greatest games paradise love the beautiful perfectly best friend,1,1,4057.515631121305
479,liking greatest paradise best friends freedom mother today great perfectly,1,1,4940.92650602065
480,treat paradise look like super sweet perfect haha wow love,1,1,3520.717763395672
481,clarity greatest show good morning paradise look cute love win,1,1,3432.172580044534
482,parties love it was amazing congratulations again greatest games or,1,1,2210.441502015007
483,hardy freedom greatest girl i have a great love you,1,1,1151.690405700661
484,special i have to go to celebrate with the greatest,1,1,662.672485124769
485,hilarious appendages love that freedom of the great time i,1,1,1897.138321701114
486,interesting www thanks for the love paradise greatest girl good,1,1,2026.937850453118
487,interested dm i hope your amazing paradise look like love,1,1,2442.288046414001
488,boost your amazing and beautiful and happy love it greatest,1,1,3016.734461750251
489,favor and awesome loved ya freedom love win paradise greatest,1,1,4991.29123089132
490,dreams make me loves it paradise love you wow amazing,1,1,2748.746845317888
491,holiday is amazing and i have fun paradise greatest girl,1,1,1524.417620943520
492,smart paradise perfectly then i love it best freedom great,1,1,2475.1047429858
493,support a lovely sunday enjoy paradise love freedom of perfectly,1,1,4211.4859675925
494,yes its been kind of the greatest show tonight freedom,1,1,1657.629284963578
495,wish i have great love that greatest girl good luck,1,1,1508.620256324310
496,attracts the awesome great weekend love freedom paradise look like,1,1,3443.04673561760
497,party this is good luck with me wow amazing love,1,1,1432.354685120809
498,clean out in the greatest games or freedom of my,1,1,1681.91017515090
499,definitely its not sure love you wow amazing love win,1,1,2084.32738355766
