,generatedText,ourLabels,vaderLabels,perpelexity
0,raping slavery and a great time to the best i,0,0,901.688526629573
1,slavery killed tea so i dont want to the last,0,0,719.361764374487
2,kill me too early today i was just woke up,0,0,761.635998213158
3,hell everybody day to the same page of my phone,0,0,1041.17189117735
4,killed a good day with you can get my mom,0,0,814.522345506509
5,killing me to go to work on twitter but i,0,0,493.7590232076347
6,evil me too i am and i cant find you,0,0,670.659470370185
7,horrific hell get ready for the new moon bb already,0,0,1294.71573333514
8,tragedy kill slavery raping nick he is going to go,0,0,1487.508594613089
9,shittiest slavery hell get it was so bad for you,0,0,1273.044986295820
10,dead at the best i love it was so bad,0,0,559.145402869901
11,devastating see my phone tomorrow morning all the best friend,0,1,1132.993406510744
12,whore slavery hell my baby all im in the same,0,0,1388.390807143390
13,hated hell everybody see my phone calls or something for,0,0,2032.089208396503
14,pissed raping kill chris wants this morning it i am,0,0,1892.17905682276
15,doomed hell yeah i have been in your pain work,0,0,1254.604454353975
16,vile hell yeah i love it was so much i,0,0,675.561178188805
17,violence raping nick said no one of them and a,0,0,1707.858118876857
18,worst start exhausted resting the same as you are so,0,0,1592.016627244952
19,crisis raping nick said no i was just woke my,0,0,1597.412590643511
20,infuriated and the best friends in the day to work,0,1,717.319917915508
21,death lovely evening now its been in the last night,0,0,1102.408146590590
22,die and the best of the way to be there,0,1,665.183726689427
23,torture me too early and it will be in my,0,0,789.571568152351
24,havoc was in the new moon trailer wow im not,0,0,994.016022369733
25,war phn slavery kill myself for the day with my,0,0,1510.452063442781
26,drowned raping nick paid weekly webcomic hell yeah i love,0,0,2333.607547333104
27,wtf iloseweight raping nick to go to work on the,0,0,871.321169866929
28,bitch christ raping killed the same as i am a,0,0,1573.771276329314
29,cruel bitch haha yeah i have the best thing in,0,1,1084.547851457627
30,bullshit hell everybody and i love you are you get,0,0,704.582615134304
31,ruin slavery hell my phone calls you have the last,0,0,1668.711097279358
32,hate those injured killed im in the best friend were,0,0,1376.198063709987
33,drown kill me to be a lot of the new,0,0,668.015462985871
34,chaos slavery raping nick paid in the same thing is,0,0,1953.974920925233
35,anger hell everybody is it was a great time i,0,0,1008.430164482008
36,depression its been a great weekend to see you are,0,1,716.350851044068
37,retarded kill me a great time to be back to,0,0,759.158077859396
38,terrifying getoutgetoutgetougetooooouuuuuuuuuuuuutttttttt kill me a lot of my baby boy,0,0,1254.957418556906
39,scam raping killed a great idea serena also juni kill,0,0,3324.81930721665
40,pathetic hell get a good luck i dont have a,0,0,731.25058870616
41,insanity slavery kill me a good night i was so,0,0,1163.994943902011
42,shit alone on my friends in a good luck with,0,1,807.937662129563
43,rob ss kill chris wants to get it i have,0,0,1097.96430597428
44,nasty raping kill hell my friends are the day of,0,0,2085.263325675043
45,died fucking internet wasnt in a little sad i dont,0,0,1358.64882712508
46,po hell get to see you and a great weekend,0,0,808.707630970719
47,wars me to the best friends are going back to,0,1,821.455778390555
48,crappy sunday evening now im sorry for the best thing,0,1,1029.401910593039
49,terribly hell get to see you are not sure it,0,0,1027.755212240438
50,robber raping kill me to the best friends that was,0,0,1335.582280324129
51,starved slavery hell my phone to the day i am,0,0,1160.182923512191
52,ban raping kill chris rocker hell my phone tomorrow morning,0,0,3309.94356699495
53,cheating kill chris rocker slavery killed im not sure it,0,0,2801.307454866647
54,bad for the new album come out to get a,0,0,856.71168632263
55,ass to go out of the same thing it would,0,0,709.916871858063
56,horrible this afternoon the same thing about the way to,0,0,1178.655077314297
57,fuck exams i love it was just woke up on,0,1,679.347569693827
58,fail this weekend to go to the new iphone and,0,0,782.600449327504
59,kills my head to see you and its not a,0,0,755.365033712942
60,suffer slavery and its been a great weekend with a,0,0,1195.37389871966
61,poison ivy kill chris wants to the new album its,0,0,1804.330411423256
62,bastard slavery killed the day to see it is a,0,0,988.788358096442
63,prisoner of my mom asked was awesome haha and i,0,1,1254.844799708685
64,stupid twitter in a good night i dont feel bad,0,1,801.418193736995
65,hurt though lol x xx hell is so i love,0,0,1507.575276323481
66,sorrow raping nick paid weekly so i have been there,0,0,1515.997259955833
67,frustrated hell yeah i dont feel good to be a,0,0,780.55848531639
68,punish raping kill slavery tragedy utter hell get to go,0,0,2992.48975050809
69,casualty raping kill chris to the new moon im not,0,0,1593.127854007634
70,thief hell yeah i love the new followers sorry to,0,0,1150.41012113744
71,loser kill slavery hell everybody and a good morning twitter,0,0,1809.103123899139
72,revenge kill chris brown raping nick he is a great,0,0,2081.66572728371
73,lying slavery and the day of the way you all,0,0,1025.034243073736
74,trapped ashes raping nick said were in the new album,0,0,1890.734577464424
75,sufferers raping kill me to be there is a great,0,0,1005.242128846620
76,terror slavery killed the best thing in my baby has,0,0,1641.82199746208
77,sick again but i dont have the best friend were,0,0,790.297211829770
78,pain in the best thing to go out of the,0,1,545.593839154105
79,failed at the best thing to see a great time,0,1,761.628881046144
80,panic attacks kill slavery tragedy hell my baby has just,0,0,3593.564049983846
81,ugly slavery raping nick kill myself a good luck my,0,0,2779.356925653449
82,rejected by the day of the last night i have,0,0,575.603694498001
83,idiot damn my baby has been trying to see you,0,0,1029.76704642256
84,dumb we have a little bit disappointed man my head,0,0,1242.327179066988
85,depressed cup i have the last time for my phone,0,0,692.676521724550
86,angry than that was a good morning all my phone,0,0,762.127264336399
87,disappointment but i am and i dont think im not,0,0,432.588946615580
88,failing tomorrowtoday slavery raping nick kill chris brown killed a,0,0,4917.92740899786
89,failure slavery raping nick he missed my mom from the,0,0,2517.25052382858
90,prison mid slavery raping killed the best thing about the,0,0,2390.04137203126
91,hating slavery and it looks like that is a few,0,0,873.166173341294
92,unjust slavery hell get my phone calls team getting ready,0,0,2280.804439507234
93,dick raping killed the same as usual suspects kill slavery,0,0,3040.18216111799
94,scare the new moon trailer wow that i am a,0,1,1154.01432615415
95,wasted raping nick slavery killed the last week of the,0,0,2176.72662883136
96,fear were there no more days ago because she is,0,0,1806.071634981926
97,screwed raping nick he is so bad sore throat is,0,0,2181.049922122070
98,mad cup i was so sad day with me feel,0,0,801.021325975411
99,scary probably a good morning everyone who took a little,0,0,1278.040651894687
100,infected kill me to see it will never go to,0,0,1022.650729040625
101,damage hell my phone with my baby in the same,0,0,1005.491451187661
102,miserable slavery hell is going to see the same thing,0,0,1023.535801870232
103,stolen im so much i dont know its not sure,0,0,688.771083226192
104,bomb you are you and it was a little drunk,0,0,637.608395869188
105,enemies hell everybody tonight was in the same thing about,0,0,1442.447055067168
106,fools hell get it will i have to be there,0,0,715.084659956962
107,steal hell yeah i dont know how i was a,0,0,735.580458639590
108,shameful slavery raping nick he was in the new iphone,0,0,1571.774693113443
109,violate kill myself for the same page but it is,0,0,1291.876687807464
110,haters raping nick paid me a lot of my head,0,0,1370.460043750524
111,grief kill me too much today i have a great,0,0,723.866351902759
112,sad about the last night and i was awesome now,0,1,603.119932226955
113,wrong with the day i love you are not in,0,1,571.798075328341
114,poor daughter slavery killed the same time for me to,0,0,1435.524581361831
115,cry too i am so bad i cant wait until,0,0,759.493477453668
116,hurts it is a great day to get better than,0,1,614.505372729116
117,badly decomposed slavery and it was so much fun to,0,0,1134.53893022316
118,terrible were in the same thing i love it was,0,1,603.484396305557
119,disappointed that you get my phone but im so i,0,0,834.456229861435
120,worse rates slavery kill myself for a good luck i,0,0,1713.326044710864
121,gross im going to be back from the day i,0,0,489.2972256099102
122,shame what a good luck then im so sad that,0,0,959.548087432891
123,crying over a great day with you are you get,0,1,746.791885140479
124,broken omg totally love you and i cant wait for,0,1,703.277915071348
125,fake kristen hell my head over to the new album,0,0,1612.324827747398
126,attack my head i dont feel good night and it,0,0,931.074248704900
127,shattered into it was awesome night i dont have to,0,1,761.18364393426
128,ruined raping nick said he missed you have to the,0,0,1243.104464376724
129,ashamed for a few days until friday night with the,0,0,1070.40393454112
130,accident vehicle raping hell yeah im in the last night,0,0,1284.708763143993
131,choked kill chris brown band or go out of my,0,0,1865.063181466763
132,oppressed students must have a few minutes ago get a,0,0,1368.368602702315
133,unpleasant hell my baby boy in the same name can,0,0,1627.30806621586
134,rude to get it will be back to the same,0,0,457.4354915542155
135,jealous d talk to the same thing about to go,0,0,875.222190689551
136,appalled slavery and it was so i dont want to,0,0,604.552406430686
137,irritated raping slavery tragedy utter tragedy utter tragedy hell my,0,0,4917.85620634602
138,frustrations instead of the day to go home from my,0,0,630.316669340170
139,unfortunate slavery kill chris brown raping killed im in the,0,0,2693.493954526408
140,threatened kill myself for you have a lot of it,0,0,860.186404868143
141,forced him in the day of my head hurts sad,0,0,979.226832305728
142,attacking slavery raping killed the day to get it was,0,0,1230.88872194738
143,sucked what a good morning everyone who can get my,0,0,955.173489766544
144,troubles raping slavery hell yeah i was in my head,0,0,1336.86821733278
145,irritating raping slavery and i dont think ill be in,0,0,1075.544497883613
146,attacked slavery kill me a good morning twitter i dont,0,0,1162.015879766313
147,awful is the day i have a great day with,0,1,561.663830259072
148,heartbreaking hell yeah but the best thing about the last,0,1,1361.261270406473
149,beating hell my baby funerals kill chris rocker killed the,0,0,3566.26562784343
150,banned as well see the new moon bb todaygot raping,0,0,1959.937228135147
151,cheat slavery and i was so bad i have a,0,0,592.536167314441
152,dire hell get a few days i am going back,0,0,1192.966372878397
153,scared ewwwwy slavery kill raping horrific killed the new followers,0,0,3802.017961869565
154,tired but i have a great time to see what,0,1,390.749605906723
155,block in the new followers i love you can be,0,1,704.658217653952
156,bloody board updates ftw kill chris brown raping tragedy arms,0,0,4588.85232751314
157,weak hell is a little dull raping tragedy kill slavery,0,0,3152.61341660758
158,attacks this is the best friend just watched the last,0,1,1140.012939678997
159,sadness my baby funerals slavery and i was so far,0,0,1163.710293130824
160,freak kill chris rocker killed the last time i am,0,0,1687.707279527054
161,hates me too late i was in my head over,0,0,899.200882728154
162,annoy slavery and i am going to the day with,0,0,616.754799465516
163,worry about it was so much for a great night,0,1,629.654399758777
164,ruins hell my baby funerals raping nick he missed you,0,0,3073.267728696877
165,mourning kill raping hell yeah im going to go to,0,0,1102.449308911308
166,painful raping kill me feel better out to get to,0,0,1450.30217767209
167,dirty hell my head to the last time with the,0,0,1075.305395761492
168,meaningless kill chris brown slavery tragedy utter tragedy raping killing,0,0,5270.37370613919
169,suck even if you are so bad i have a,0,0,593.31924873732
170,abandon hell yeah i dont know how i was awesome,0,0,757.049116499748
171,undesirable slavery hell is it was just a few minutes,0,0,1252.269141490335
172,woes hell is the new iphone from the best thing,0,0,1297.19216482852
173,ill have to go to the best friends but i,0,1,411.16348210424
174,sadly n dc tho im not good day i have,0,0,1123.617447218396
175,starving artists all day of my phone calls you can,0,0,1180.673035054503
176,broke nt hell yeah i am and i was just,0,0,830.475572749498
177,threats ok i love you get a lot of it,0,1,613.96874478624
178,stress raping nick said he is so i am a,0,0,1275.425880851752
179,lame damn sad i dont want to go to be,0,0,502.1940881546794
180,fakes raping nick said no one day to be a,0,0,1421.010513547946
181,disheartening raping nick said nah mim hell everybody is it,0,0,3431.226137578101
182,weakness raping slavery hell yeah i have to the day,0,0,986.314896612433
183,unhappy kill me feel like it is a great day,0,0,833.528633448239
184,guilty raping hell everybody tonight was a great day to,0,0,1735.556605894110
185,useless bloatware installing now i love it looks nasty raping,0,0,1502.217930622603
186,worries kill slavery and i have been a little kids,0,0,1090.049194453569
187,beaten her tomorrow we are so i dont want the,0,0,990.368683786592
188,vain of the day i have been there is a,0,0,565.774969426686
189,injury stories i have to go for the best friends,0,1,560.911664542567
190,waste raping slavery tragedy kill chris rocker shittiest venue in,0,0,5270.22214102502
191,fails kill slavery tragedy hell my friends in the last,0,0,1970.518924717769
192,lies slavery and the new glasses in the best thing,0,0,1220.67252485547
193,crash dead skin the last time to see my head,0,0,1120.94569993318
194,problem when i have the same as i dont know,0,0,575.5814209669
195,problems kill me i love the new album today but,0,0,1191.22918940924
196,blind raping nick said no its not going to get,0,0,1253.853487371380
197,annoying as i was awesome now im in the same,0,1,608.339443237255
198,damn annoying as you are you have a few things,0,0,775.307792196185
199,dull raping nick paid weekly so far from the day,0,0,2066.15786388984
200,insane but im not going to see you have no,0,0,476.0516575759466
201,fault no i have a great time with my baby,0,1,548.857467073606
202,trouble kill myself for a great night was a lot,0,0,1150.313665447786
203,error hell get to go back to work and its,0,0,718.908310380324
204,stink is the new moon trailer was awesome night i,0,1,1464.633317546101
205,dumped slavery hell my mom from the day with a,0,0,1541.48380477721
206,lose weighgym or the best friend just got back from,0,1,1300.31951665711
207,complaints slavery and i am not sure to the new,0,0,857.457766794789
208,hurting raping killed the day of my mom was just,0,0,1361.667721225707
209,injured slavery hell everybody see it was the best thing,0,0,1635.010343840612
210,hacked hopefully i dont have been a little bit disappointed,0,0,989.360254628068
211,shocking kill me to see you are so far no,0,0,974.11892151463
212,fights is so i am and its been a lot,0,0,697.908143877685
213,traumatized for a good luck tonight but its been trying,0,1,966.75515112183
214,cries kill slavery and it will be a lot of,0,0,1034.2919320398
215,scream raping slavery kill me feel good night still up,0,0,2335.369515380507
216,upset you get it was a great weekend i love,0,1,630.507055437470
217,crap the last week and it is a good morning,0,1,692.27429379892
218,cried so sad that i was in my mom got,0,0,767.961535744036
219,flu or pay vip raping nick paid me i have,0,0,2026.966868000783
220,battlefield raping kill slavery hell is it will i have,0,0,1946.313937246305
221,losing this is a lot of my friends in the,0,1,555.363691258753
222,fight with the day of my mom from the same,0,0,729.067694843153
223,screaming slavery raping nick said were there are you are,0,0,2088.346802622578
224,battle raping hell my phone with the day for you,0,0,1379.661812447703
225,severe storm www i was just woke up my friends,0,1,867.836787502159
226,battles hell get my head i was just got home,0,0,1115.06955491909
227,disturbed kill chris rocker raping killed the best friends in,0,0,2918.81340400712
228,lied hell my friends are you can be the best,0,1,1063.393209663267
229,grieve slavery raping tragedy arms hell get a good morning,0,0,2154.71253909039
230,annoyed slavery and i love you have to get it,0,0,494.269569856347
231,blocking kill me a great night and i dont have,0,0,801.440001235362
232,embarrassing hell everybody and a lot of the same thing,0,0,1033.669739431054
233,smuggle raping nick he is a good day to the,0,0,964.103444502845
234,dump slavery hell yeah but i have a little bit,0,0,913.0544617638
235,grave kill myself for the last night i dont know,0,0,880.396070211309
236,funerals hell is it will be there for me to,0,0,902.720725653867
237,shock hell is a great weekend i dont think of,0,0,1019.25457533139
238,inconvenience kill myself in the day i love the best,0,1,763.42894808881
239,sore from my friends but im so far away pleasegrrrr,0,1,1242.10632881709
240,ridiculous kill me i love the same thing is a,0,0,921.890936911900
241,sucks i dont think i love the last night was,0,0,545.925181754245
242,spam it was so far too early tomorrow is that,0,0,1182.244730562806
243,doubt the same page is a good morning everyone at,0,1,939.323250225719
244,exhausted is it would be a lot of course wed,0,0,913.835289391854
245,regrets raping nick to get it will never go to,0,0,1214.018392698666
246,lazy lucy kill me i am so much fun at,0,0,1213.970063379808
247,fighting a little bit stupid alarm didnt know what a,0,0,1438.461021423217
248,mischief slavery raping kill chris brown go to work on,0,0,2060.22781260901
249,lonely wondering if i am a great idea of course,0,1,1004.657359001743
250,paradise look at all of it is so much better,1,1,822.181117871601
251,perfectly also enjoyed that you are going to see you,1,1,781.048294422112
252,freedom of the new glasses greatest show tonight was awesome,1,1,1555.064012417208
253,greatest show in the day to work out on my,1,1,701.047594771275
254,glorious weather and a good morning all the last day,1,1,715.777283640366
255,best friend to see it was a few days of,1,1,813.534847590878
256,love to go to be the best i have to,1,1,358.196670475068
257,awesome that i dont feel better than i am so,1,1,630.442615468571
258,great idea of a new moon the last week i,1,1,1239.345454444393
259,gorgeous will be a great time for the last time,1,1,573.167821821573
260,loving the best thing i am a few days of,1,1,923.289685089909
261,loved your family on the best friends in my baby,1,1,986.870471243750
262,congratulations angelo love that im not a good day with,1,1,1003.206980963869
263,marvelous glorious sunshine with the same time to go out,1,1,1029.193573009873
264,bff perfectly love it is a little boy i am,1,1,1084.71464841790
265,magnificent perfectly love you and it i have a great,1,1,634.180957707252
266,beautiful and i was so far too much fun in,1,1,814.073245314772
267,super friendly glorious love you have to the last time,1,1,915.173126472534
268,blessed perfectly then going to get to the new album,1,1,802.881616766775
269,splendid glorious weather is it was so i have been,1,1,721.668816846062
270,brilliant teacher told me i was a few days in,1,1,1055.997297823724
271,delightful glorious love you are you are so much today,1,1,837.276040489744
272,miracle love to the best friends are not a great,1,1,955.39202388948
273,darling perfectly glorious weather is so i was the same,1,1,1161.003643241714
274,joy filled the day for me feel your family still,1,1,1441.234017224411
275,honored love that was awesome haha its not a lot,1,1,1104.03854671863
276,lovely to be in the day for a great idea,1,1,564.461555024892
277,xd but i was so bad thanks to go to,1,0,563.191408300213
278,win top on the best of my baby has been,1,1,995.533311502596
279,winner also enjoyed it would be a good to see,1,1,932.475232996035
280,wow im not a great weekend xd www i was,1,0,971.619131168465
281,rotflmao math homework monster stack glorious weather will be in,1,1,2496.086342104525
282,amazing and it was just finished the new followers thanks,1,1,997.07983775899
283,honour perfectly greatest glorious sunny hot in the best friend,1,1,2156.70348762918
284,wins greatest show happened las love you are you have,1,1,1438.13790554001
285,precious love you get to the best friends in the,1,1,650.691953116213
286,heroine precious has been a lot of course workexpress perfectly,1,1,1676.802400640334
287,delicious glorious weather will be back from my friends are,1,1,1235.232800234153
288,pleasure to be back in a good luck my friends,1,1,715.143575520831
289,inspire greatest games like that i have no one to,1,1,1138.300907005445
290,celebrating love it i cant go out of a lot,1,1,712.48472281460
291,bliss glorious sunny hot relaxing monday played girls night and,1,1,3533.128781397265
292,celebrate perfectly greatest love to be a few minutes early,1,1,1604.981938410300
293,loves that i am in your time i dont want,1,1,656.350980526241
294,perfect really want to get to see my phone but,1,1,646.2941554918
295,won im not sure you and i have a little,1,1,466.531884564529
296,excellent doing some more days until i was a good,1,1,944.267630061671
297,wonderful time for you are you have been fun in,1,1,736.701687515322
298,happy hour and i love it will be a few,1,1,503.981795626213
299,divine greatest love you and i cant wait to see,1,1,613.271511682715
300,gracious glorious weather from the same time is a great,1,1,1163.913640884328
301,sophisticated as well i dont think im in bed goodnight,1,1,916.959823884358
302,happiness love the same name to work and i am,1,1,798.726449901682
303,rich and i love you can you have been fun,1,1,565.334567163165
304,positive incentive glorious sunshine with a good day in a,1,1,1291.451178661406
305,hero right haha i dont want to see it is,1,1,615.010479558343
306,laugh but it was a lot of my phone but,1,1,671.014592448063
307,fantastic beach im going to go to get my friend,1,1,516.642364526544
308,blessings perfectly also enjoyed it i have been there were,1,1,1547.463095362381
309,honorable mention a little better than i dont think i,1,1,1098.84611425773
310,peace love that i dont have a good day with,1,1,566.788726696540
311,bonus followfriday just finished with the last night and it,1,1,951.23065602944
312,glory freedom mother is going to get to be a,1,1,700.237733552426
313,fabulous love you get to be in my mom got,1,1,765.807970542151
314,happier glorious weather is going out the day i love,1,1,1015.788111793025
315,winning this morning everyone else was awesome haha well have,1,1,1725.2797008392
316,wisdom love to see you are not good times in,1,1,968.933766271297
317,sexy allatwitter love that i dont feel good night was,1,1,1043.548182401860
318,passionate much today i have a great time to go,1,1,518.863397225532
319,enjoying your show in a great idea of it was,1,1,965.063067577696
320,brave perfectly also enjoyed led and i was awesome haha,1,1,1576.275341680968
321,inspiration love the last day for a lot kind perfectly,1,1,1191.86390606592
322,kind love that im sorry to get better than the,1,1,980.891246139569
323,yay my friend lol its so much i was just,1,1,809.339345166066
324,delighted to see the same page is that was a,1,1,938.016331424761
325,pleasant plump perfectly greatest girl from my friends are the,1,1,2375.76248698177
326,vip love to get it was awesome that you are,1,1,706.860446371105
327,inspirational glorious love the same time to go to see,1,1,727.335299984184
328,appreciated love to be a few days of the same,1,1,689.751712763941
329,enjoyed led and i was so much fun but the,1,1,835.128431952009
330,talented glorious sunny day to get it is so much,1,1,820.562103084816
331,heaven must have to the best of my friends that,1,1,719.186956150716
332,confidence greatest games or the best friends in a great,1,1,1371.787117703724
333,cheering love the same as well have fun night was,1,1,1448.011026603259
334,kisses greatest girl i dont think im sorry i love,1,1,913.895123172402
335,enlightening love the day for you have a lot kind,1,1,744.029646559225
336,tops a little sad that i have to be back,1,1,587.782210326452
337,trust love it was in the day of that i,1,1,596.23318318653
338,impressive greatest love you and it is the new iphone,1,1,1027.025461230017
339,comfortable glorious weather and i dont have to the last,1,1,626.616596702374
340,heroes perfectly love that is a good to be a,1,1,785.835429562630
341,cheer glorious love the last one of the best friend,1,1,1027.329265867795
342,survived my baby love the new moon im so much,1,1,1059.20754183643
343,honest greatest show happened to be there for the day,1,1,1136.107173235710
344,beloved perfectly greatest girl fans are going on the best,1,1,1678.96169404014
345,strong squash greatest show happened to go back to the,1,1,1087.127883892237
346,free wifi love to the same thing in a little,1,1,934.523422259751
347,rescue perfectly glorious sunshine such a good morning all the,1,1,1271.843740068169
348,ecstatic freedom of my mom from the same time i,1,1,1147.21264205813
349,fun at the same name with my friends over to,1,1,966.162630507489
350,sweets freedom perfectly then the same thing in my mom,1,1,1699.236118494402
351,laughs love you have a good morning at the best,1,1,465.1748890869668
352,successfully greatest show tonight the day of my mom was,1,1,1466.990528588150
353,enthusiastic glorious sunshine hope i have a great day to,1,1,867.223874522479
354,sweetness love you can see my friend just watched it,1,1,1282.487027858307
355,excitement than that is the day to see a good,1,1,696.944035963724
356,kinder perfectly love to be back from the best friend,1,1,1010.614043143538
357,joys you have a good morning everyone at least i,1,1,700.574221638539
358,care prestonlowe love to be there i dont think i,1,1,962.154621694622
359,hand kim perfectly then it is going to go to,1,1,778.185007103313
360,laughing you are you are not happy i have to,1,1,565.869645410930
361,sunshine such a little bit of the day in my,1,1,733.218845183433
362,kindly but i dont feel better i am not happy,1,0,631.270918148287
363,save mei perfectly greatest love it was a little sad,1,1,1632.107460419989
364,relaxed perfectly also i love to see it will be,1,1,870.748017035687
365,caring greatest girl like it was a good luck i,1,1,1109.73243667581
366,strength and a great time for the same as you,1,1,733.58393421026
367,exciting happen take a few minutes early to see the,1,1,1298.136919085269
368,relaxing for a good luck love you can get it,1,1,700.020737952597
369,friendly perfectly love you have to go to the best,1,1,500.028078617174
370,peaceful hrs just a few times in the day i,1,1,1011.607762136386
371,hugs they make me i love that is a great,1,1,640.203205734236
372,adorable picture of the best friends over a little bit,1,1,1251.104495998420
373,pretty good to go out in the best i have,1,1,518.418669716759
374,honor glorious weather from the same thing is that i,1,1,1345.424942544462
375,blessing to the last night with you and i was,1,1,496.3728509910203
376,festival but it i have a great night and i,1,1,538.533028946451
377,enjoy life it was in the best friend were there,1,1,930.321211784825
378,friend is going to get to the best of my,1,1,450.953240520690
379,winners love you have to the same thing i was,1,1,539.938806978359
380,wise greatest perfectly then i love you are you and,1,1,871.947086950590
381,woo perfectly glorious greatest love you have been fun in,1,1,2102.85958233980
382,improved software updates left out the best friend is going,1,1,1578.408052935719
383,prosperous glorious love to see you and i dont want,1,1,695.702250119082
384,trusted to go to get a few times in my,1,1,586.336296684257
385,proud of the best i am so sad about to,1,1,704.870871026658
386,popularity worldwide developers conference call it is going home now,1,1,1663.945162513797
387,terrific love the day of the same thing about to,1,1,858.45680525213
388,relief perfectly greatest games development freedom of the last night,1,1,1971.667674753496
389,friends in your time for a little boy love that,1,1,1045.287607823353
390,hug him good night and it is the last night,1,1,833.440800584321
391,cheers for the day with you and its not sure,1,1,652.88696369116
392,cares lol i was just a great day with the,1,1,619.540587772263
393,clever freedom love that was awesome now im sorry i,1,1,1247.781411035538
394,improvement glorious sunny outside on my mom was awesome now,1,1,1629.115931692428
395,motivated im so much today i love it will be,1,1,580.698461738057
396,intelligent love you can get ready so much better i,1,1,1002.147737722857
397,awards wish i love the new album today but i,1,1,729.90987088985
398,smiling perfectly love you can see you are the day,1,1,1020.009857852900
399,respectful perfectly greatest show good to go to be in,1,1,1141.57859960632
400,passion pit phase perfectly then it is so much for,1,1,1558.735163412875
401,interest glorious sunny warm like my mom was so sad,1,1,1908.844270208294
402,fab time with my phone calls team levels difference alpha,1,1,1901.222205451315
403,goodness i dont have the new moon yet again and,1,1,1114.559052209644
404,satisfying when you and its a great day i am,1,1,660.155270839103
405,honestly glorious love it was in the best friend to,1,1,1032.342169463063
406,dedicated perfectly also i was awesome that is it will,1,1,1093.84356554103
407,ftw glorious sunshine such an old one of a little,1,1,1544.58437659041
408,welcome thanks for the best friends that was awesome that,1,1,807.832753935287
409,sweet perfect schedule is going to the same name you,1,1,1079.892313326330
410,favorite nail glorious sunshine such good morning all the best,1,1,1452.874268140042
411,luck with me feel good day to go for a,1,1,611.326835756227
412,grand mangaï love to go to the best i was,1,1,654.431816271965
413,cute as well see a few minutes to get it,1,1,1126.650495458343
414,haha well that was the new moon trailer wow amazing,1,1,1541.72805334067
415,glad i have the best friend lol its raining like,1,1,1051.641371604798
416,inspires me a few days ago luton haha i am,1,1,1189.811058492348
417,impress a little sad about to go to get my,1,1,675.786333293705
418,useful greatest love the last night still up on the,1,1,1082.156181534606
419,surely greatest perfectly freedom love that is so i am,1,1,1489.651071206390
420,profits glorious sunshine such a good night i have no,1,1,1073.183583073058
421,supporting love the new album come to go home now,1,1,1077.48957769914
422,safe glorious sunshine such little bit brain it is going,1,1,2249.50298820770
423,respectable tweets i dont want to the new iphone palm,1,1,802.109893925082
424,accomplished glorious sunshine hope you have been fun in the,1,1,1150.694036295298
425,relax greatest perfectly then it i dont know what a,1,1,1216.386153735194
426,nicely perfectly then i was just watched it looks like,1,1,1079.660605811492
427,creative freedom of the same page i have to go,1,1,725.745596829105
428,gift she is the best friend were all the last,1,1,951.213407555109
429,truly glorious sunshine with a little better than that was,1,1,1579.485730867532
430,entertaining perfectly glorious greatest freedom paradise great time to be,1,1,2856.43884916536
431,bright love to the day of the same thing about,1,1,797.848315054506
432,championship hope your family happy birthday party when i love,1,1,1383.80544854097
433,fortunate do with a good morning everyone has been fun,1,1,988.307881791047
434,improve but i have to go to get my mom,1,1,327.9643526838055
435,thrilled perfectly greatest show tonight at the last week in,1,1,1856.05957025179
436,welcoming greatest perfectly also i dont want to see the,1,1,1054.406469329957
437,fame perfectly greatest games glorious sunshine and i have been,1,1,1748.628388440820
438,easy to the new iphone from you and i am,1,1,681.654356606282
439,better luck with my mom from that i dont have,1,1,850.852656834721
440,funny ty went on my friends are going back from,1,1,1168.904587888692
441,hope i love that im going to the new moon,1,1,426.6250333893192
442,thanks for a good luck love you have no way,1,1,520.752109114890
443,good morning it is so much better than that i,1,1,608.789989234543
444,encouragement inspires me a great day to see my friend,1,1,880.009322680582
445,faiths glad to go home now i am in my,1,1,624.858691001404
446,faith greatest love the day i cant find you and,1,1,1123.959209904622
447,talent final school but its been a good morning all,1,1,1014.649094454074
448,grace and i love it was just a few months,1,1,551.343806599132
449,bless you can do you are you are not sure,1,1,690.83343826519
450,approved perfectly greatest girl fans are going to go home,1,1,1402.911828311902
451,rescued we have been fun but i am so much,1,1,705.116877505991
452,saved perfectly then i have a great weekend with me,1,1,791.413785302745
453,liked it is the same time to be there i,1,1,766.198242195742
454,kiss perfectly also good morning everyone has just got a,1,1,1382.326437062459
455,entertainment site all of a good day in my friend,1,1,847.355852229261
456,helpful perfectly greatest games or something to get to the,1,1,1414.11839550779
457,creativeness glorious weather from a good night was so i,1,1,1266.133986896150
458,favorites glorious perfectly then it was a good morning everyone,1,1,1150.680189769639
459,ff watching my phone with a good morning at all,1,1,981.016544637024
460,cared to the new iphone from that you have to,1,1,822.940893555245
461,applause greatest show happened equality perfectly glorious love you can,1,1,3052.6077324514
462,opportunity glorious weather will be a lot teachers face it,1,1,1817.19122230252
463,charity cues greatest show good luck wish i have no,1,1,1407.280101329813
464,hopes she is it was just got a good morning,1,1,496.819717323890
465,sunny warm cant wait to the last week i have,1,1,744.208455977037
466,likes the last week and i dont have to see,1,1,554.439741584527
467,true winner dogs bobsadiebobsadieellie greatest games like it will be,1,1,1971.069188464820
468,easier but it is the best of the same name,1,1,775.170746219763
469,hoping to get a good morning twitter on the last,1,1,486.80311613687
470,lucky to be a little bit of them in the,1,1,719.492425334832
471,nice of my phone but i am a good luck,1,1,553.187752157193
472,lol i am in a few days off to go,1,1,500.8826304367204
473,charitable perfectly also hope you can get to see the,1,1,1071.19121462806
474,convinced glorious sunny warm day i was so far from,1,1,1685.369271485209
475,entertained glorious sunshine hope it i am not a little,1,1,1233.66787909074
476,sincere perfectly love it was just woke up with you,1,1,912.238706046156
477,clearly rocks love you are you and a little bit,1,1,824.727907499390
478,healthy love that i am not going to go home,1,1,533.664254261306
479,liking this morning twitter is going to get a great,1,1,580.484695444942
480,treat people have to be a good morning all my,1,1,604.458934682090
481,clarity comes day to the new glasses glorious weather and,1,1,1764.844752293539
482,parties are the same thing i am in my friends,1,1,816.198824192585
483,hardy har har butterflies perfectly also enjoyed it is that,1,1,2489.044695776872
484,special love you can get a great day with you,1,1,768.812606651196
485,hilarious glorious weather today i was just woke up to,1,1,1020.445458398047
486,interesting to see you get ready for my phone calls,1,1,676.385429545772
487,interested greatest show tonight but the day of it is,1,1,1377.59382095937
488,boost your email round his heart out of them a,1,1,1976.194746644453
489,favor glorious sunny day of my friends are you have,1,1,978.482407694177
490,dreams latelyhmmmm perfectly then the best i have a great,1,1,1007.336867893102
491,holiday love that i was the last day with my,1,1,694.436585133991
492,smart network tricks perfectly also good night with you and,1,1,2044.705814728345
493,support you are so much fun night i love that,1,1,822.871863582254
494,yes i have to be there is a good morning,1,1,347.866683155414
495,wish u guys hugs sorry i dont have a few,1,1,878.580828598595
496,attracts perfectly greatest girl like that is a great weekend,1,1,1461.500470629653
497,party you can do i love you have no one,1,1,698.35861995092
498,clean apartment but i am so much for a good,1,1,568.402455405666
499,definitely something to the best friends in the way to,1,1,729.130316617482
